2026-03-17 08:49:16 [trainer.py] Run Name: soyo_vit_deforest_dil
2026-03-17 08:49:16 [trainer.py] config: configs/deforest_dil_soyo_vit.yaml
2026-03-17 08:49:16 [trainer.py] device: [device(type='cuda', index=0)]
2026-03-17 08:49:16 [trainer.py] dataset: deforest_dil
2026-03-17 08:49:16 [trainer.py] data_path: /home/rizal/rizal_projects/DeforestDIL/datasets/deforest_dil
2026-03-17 08:49:16 [trainer.py] log_path: output
2026-03-17 08:49:16 [trainer.py] init_cls: 6
2026-03-17 08:49:16 [trainer.py] increment: 6
2026-03-17 08:49:16 [trainer.py] total_sessions: 5
2026-03-17 08:49:16 [trainer.py] order: 1
2026-03-17 08:49:16 [trainer.py] model_name: soyo
2026-03-17 08:49:16 [trainer.py] net_type: soyo_vit
2026-03-17 08:49:16 [trainer.py] image_dim: 768
2026-03-17 08:49:16 [trainer.py] prompt_length: 10
2026-03-17 08:49:16 [trainer.py] hidden_dim: 16
2026-03-17 08:49:16 [trainer.py] soyo_dim: 768
2026-03-17 08:49:16 [trainer.py] soyo_epoch: 30
2026-03-17 08:49:16 [trainer.py] soyo_lr: 0.1
2026-03-17 08:49:16 [trainer.py] soyo_weight_decay: 0.0002
2026-03-17 08:49:16 [trainer.py] init_epoch: 30
2026-03-17 08:49:16 [trainer.py] init_lr: 0.01
2026-03-17 08:49:16 [trainer.py] init_lr_decay: 0.1
2026-03-17 08:49:16 [trainer.py] init_weight_decay: 0.0002
2026-03-17 08:49:16 [trainer.py] epochs: 30
2026-03-17 08:49:16 [trainer.py] lr: 0.01
2026-03-17 08:49:16 [trainer.py] lr_decay: 0.1
2026-03-17 08:49:16 [trainer.py] weight_decay: 0.0002
2026-03-17 08:49:16 [trainer.py] batch_size: 128
2026-03-17 08:49:16 [trainer.py] seed: 0
2026-03-17 08:49:16 [trainer.py] num_workers: 16
2026-03-17 08:49:16 [trainer.py] memory_size: 0
2026-03-17 08:49:16 [trainer.py] memory_per_class: 0
2026-03-17 08:49:16 [trainer.py] fixed_memory: True
2026-03-17 08:49:16 [trainer.py] shuffle: False
2026-03-17 08:49:16 [trainer.py] EPSILON: 1e-08
2026-03-17 08:49:42 [trainer.py] Run Name: soyo_vit_deforest_dil
2026-03-17 08:49:42 [trainer.py] config: configs/deforest_dil_soyo_vit.yaml
2026-03-17 08:49:42 [trainer.py] device: [device(type='cuda', index=0)]
2026-03-17 08:49:42 [trainer.py] dataset: deforest_dil
2026-03-17 08:49:42 [trainer.py] data_path: /home/rizal/rizal_projects/DeforestDIL/datasets/deforest_dil
2026-03-17 08:49:42 [trainer.py] log_path: output
2026-03-17 08:49:42 [trainer.py] init_cls: 6
2026-03-17 08:49:42 [trainer.py] increment: 6
2026-03-17 08:49:42 [trainer.py] total_sessions: 5
2026-03-17 08:49:42 [trainer.py] order: 1
2026-03-17 08:49:42 [trainer.py] model_name: soyo
2026-03-17 08:49:42 [trainer.py] net_type: soyo_vit
2026-03-17 08:49:42 [trainer.py] image_dim: 768
2026-03-17 08:49:42 [trainer.py] prompt_length: 10
2026-03-17 08:49:42 [trainer.py] hidden_dim: 16
2026-03-17 08:49:42 [trainer.py] soyo_dim: 768
2026-03-17 08:49:42 [trainer.py] soyo_epoch: 30
2026-03-17 08:49:42 [trainer.py] soyo_lr: 0.1
2026-03-17 08:49:42 [trainer.py] soyo_weight_decay: 0.0002
2026-03-17 08:49:42 [trainer.py] init_epoch: 30
2026-03-17 08:49:42 [trainer.py] init_lr: 0.01
2026-03-17 08:49:42 [trainer.py] init_lr_decay: 0.1
2026-03-17 08:49:42 [trainer.py] init_weight_decay: 0.0002
2026-03-17 08:49:42 [trainer.py] epochs: 30
2026-03-17 08:49:42 [trainer.py] lr: 0.01
2026-03-17 08:49:42 [trainer.py] lr_decay: 0.1
2026-03-17 08:49:42 [trainer.py] weight_decay: 0.0002
2026-03-17 08:49:42 [trainer.py] batch_size: 128
2026-03-17 08:49:42 [trainer.py] seed: 0
2026-03-17 08:49:42 [trainer.py] num_workers: 16
2026-03-17 08:49:42 [trainer.py] memory_size: 0
2026-03-17 08:49:42 [trainer.py] memory_per_class: 0
2026-03-17 08:49:42 [trainer.py] fixed_memory: True
2026-03-17 08:49:42 [trainer.py] shuffle: False
2026-03-17 08:49:42 [trainer.py] EPSILON: 1e-08
2026-03-17 08:49:56 [trainer.py] Run Name: soyo_vit_deforest_dil
2026-03-17 08:49:56 [trainer.py] config: configs/deforest_dil_soyo_vit.yaml
2026-03-17 08:49:56 [trainer.py] device: [device(type='cuda', index=0)]
2026-03-17 08:49:56 [trainer.py] dataset: deforest_dil
2026-03-17 08:49:56 [trainer.py] data_path: /home/rizal/rizal_projects/DeforestDIL/datasets/deforest_dil
2026-03-17 08:49:56 [trainer.py] log_path: output
2026-03-17 08:49:56 [trainer.py] init_cls: 6
2026-03-17 08:49:56 [trainer.py] increment: 6
2026-03-17 08:49:56 [trainer.py] total_sessions: 5
2026-03-17 08:49:56 [trainer.py] order: 1
2026-03-17 08:49:56 [trainer.py] model_name: soyo
2026-03-17 08:49:56 [trainer.py] net_type: soyo_vit
2026-03-17 08:49:56 [trainer.py] image_dim: 768
2026-03-17 08:49:56 [trainer.py] prompt_length: 10
2026-03-17 08:49:56 [trainer.py] hidden_dim: 16
2026-03-17 08:49:56 [trainer.py] soyo_dim: 768
2026-03-17 08:49:56 [trainer.py] soyo_epoch: 30
2026-03-17 08:49:56 [trainer.py] soyo_lr: 0.1
2026-03-17 08:49:56 [trainer.py] soyo_weight_decay: 0.0002
2026-03-17 08:49:56 [trainer.py] init_epoch: 30
2026-03-17 08:49:56 [trainer.py] init_lr: 0.01
2026-03-17 08:49:56 [trainer.py] init_lr_decay: 0.1
2026-03-17 08:49:56 [trainer.py] init_weight_decay: 0.0002
2026-03-17 08:49:56 [trainer.py] epochs: 30
2026-03-17 08:49:56 [trainer.py] lr: 0.01
2026-03-17 08:49:56 [trainer.py] lr_decay: 0.1
2026-03-17 08:49:56 [trainer.py] weight_decay: 0.0002
2026-03-17 08:49:56 [trainer.py] batch_size: 128
2026-03-17 08:49:56 [trainer.py] seed: 0
2026-03-17 08:49:56 [trainer.py] num_workers: 16
2026-03-17 08:49:56 [trainer.py] memory_size: 0
2026-03-17 08:49:56 [trainer.py] memory_per_class: 0
2026-03-17 08:49:56 [trainer.py] fixed_memory: True
2026-03-17 08:49:56 [trainer.py] shuffle: False
2026-03-17 08:49:56 [trainer.py] EPSILON: 1e-08
2026-03-17 08:56:46 [trainer.py] Run Name: soyo_vit_deforest_dil
2026-03-17 08:56:46 [trainer.py] config: configs/deforest_dil_soyo_vit.yaml
2026-03-17 08:56:46 [trainer.py] device: [device(type='cuda', index=0)]
2026-03-17 08:56:46 [trainer.py] dataset: deforest_dil
2026-03-17 08:56:46 [trainer.py] data_path: /home/rizal/rizal_projects/DeforestDIL/datasets/deforest_dil
2026-03-17 08:56:46 [trainer.py] log_path: output
2026-03-17 08:56:46 [trainer.py] init_cls: 6
2026-03-17 08:56:46 [trainer.py] increment: 6
2026-03-17 08:56:46 [trainer.py] total_sessions: 5
2026-03-17 08:56:46 [trainer.py] order: 1
2026-03-17 08:56:46 [trainer.py] model_name: soyo
2026-03-17 08:56:46 [trainer.py] net_type: soyo_vit
2026-03-17 08:56:46 [trainer.py] image_dim: 768
2026-03-17 08:56:46 [trainer.py] prompt_length: 10
2026-03-17 08:56:46 [trainer.py] hidden_dim: 16
2026-03-17 08:56:46 [trainer.py] soyo_dim: 768
2026-03-17 08:56:46 [trainer.py] soyo_epoch: 30
2026-03-17 08:56:46 [trainer.py] soyo_lr: 0.1
2026-03-17 08:56:46 [trainer.py] soyo_weight_decay: 0.0002
2026-03-17 08:56:46 [trainer.py] init_epoch: 30
2026-03-17 08:56:46 [trainer.py] init_lr: 0.01
2026-03-17 08:56:46 [trainer.py] init_lr_decay: 0.1
2026-03-17 08:56:46 [trainer.py] init_weight_decay: 0.0002
2026-03-17 08:56:46 [trainer.py] epochs: 30
2026-03-17 08:56:46 [trainer.py] lr: 0.01
2026-03-17 08:56:46 [trainer.py] lr_decay: 0.1
2026-03-17 08:56:46 [trainer.py] weight_decay: 0.0002
2026-03-17 08:56:46 [trainer.py] batch_size: 128
2026-03-17 08:56:46 [trainer.py] seed: 0
2026-03-17 08:56:46 [trainer.py] num_workers: 16
2026-03-17 08:56:46 [trainer.py] memory_size: 0
2026-03-17 08:56:46 [trainer.py] memory_per_class: 0
2026-03-17 08:56:46 [trainer.py] fixed_memory: True
2026-03-17 08:56:46 [trainer.py] shuffle: False
2026-03-17 08:56:46 [trainer.py] EPSILON: 1e-08
2026-03-17 08:57:22 [trainer.py] Run Name: soyo_vit_deforest_dil
2026-03-17 08:57:22 [trainer.py] config: configs/deforest_dil_soyo_vit.yaml
2026-03-17 08:57:22 [trainer.py] device: [device(type='cuda', index=0)]
2026-03-17 08:57:22 [trainer.py] dataset: deforest_dil
2026-03-17 08:57:22 [trainer.py] data_path: /home/rizal/rizal_projects/DeforestDIL/datasets/deforest_dil
2026-03-17 08:57:22 [trainer.py] log_path: output
2026-03-17 08:57:22 [trainer.py] init_cls: 6
2026-03-17 08:57:22 [trainer.py] increment: 6
2026-03-17 08:57:22 [trainer.py] total_sessions: 5
2026-03-17 08:57:22 [trainer.py] order: 1
2026-03-17 08:57:22 [trainer.py] model_name: soyo
2026-03-17 08:57:22 [trainer.py] net_type: soyo_vit
2026-03-17 08:57:22 [trainer.py] image_dim: 768
2026-03-17 08:57:22 [trainer.py] prompt_length: 10
2026-03-17 08:57:22 [trainer.py] hidden_dim: 16
2026-03-17 08:57:22 [trainer.py] soyo_dim: 768
2026-03-17 08:57:22 [trainer.py] soyo_epoch: 30
2026-03-17 08:57:22 [trainer.py] soyo_lr: 0.1
2026-03-17 08:57:22 [trainer.py] soyo_weight_decay: 0.0002
2026-03-17 08:57:22 [trainer.py] init_epoch: 30
2026-03-17 08:57:22 [trainer.py] init_lr: 0.01
2026-03-17 08:57:22 [trainer.py] init_lr_decay: 0.1
2026-03-17 08:57:22 [trainer.py] init_weight_decay: 0.0002
2026-03-17 08:57:22 [trainer.py] epochs: 30
2026-03-17 08:57:22 [trainer.py] lr: 0.01
2026-03-17 08:57:22 [trainer.py] lr_decay: 0.1
2026-03-17 08:57:22 [trainer.py] weight_decay: 0.0002
2026-03-17 08:57:22 [trainer.py] batch_size: 128
2026-03-17 08:57:22 [trainer.py] seed: 0
2026-03-17 08:57:22 [trainer.py] num_workers: 16
2026-03-17 08:57:22 [trainer.py] memory_size: 0
2026-03-17 08:57:22 [trainer.py] memory_per_class: 0
2026-03-17 08:57:22 [trainer.py] fixed_memory: True
2026-03-17 08:57:22 [trainer.py] shuffle: False
2026-03-17 08:57:22 [trainer.py] EPSILON: 1e-08
2026-03-17 08:57:23 [_builder.py] Loading pretrained weights from url (https://storage.googleapis.com/vit_models/augreg/B_16-i21k-300ep-lr_0.001-aug_medium1-wd_0.1-do_0.0-sd_0.0--imagenet2012-steps_20k-lr_0.01-res_224.npz)
2026-03-17 09:01:05 [trainer.py] Run Name: soyo_vit_deforest_dil
2026-03-17 09:01:05 [trainer.py] config: configs/deforest_dil_soyo_vit.yaml
2026-03-17 09:01:05 [trainer.py] device: [device(type='cuda', index=0)]
2026-03-17 09:01:05 [trainer.py] dataset: deforest_dil
2026-03-17 09:01:05 [trainer.py] data_path: /home/rizal/rizal_projects/DeforestDIL/datasets/deforest_dil
2026-03-17 09:01:05 [trainer.py] log_path: output
2026-03-17 09:01:05 [trainer.py] init_cls: 6
2026-03-17 09:01:05 [trainer.py] increment: 6
2026-03-17 09:01:05 [trainer.py] total_sessions: 5
2026-03-17 09:01:05 [trainer.py] order: 1
2026-03-17 09:01:05 [trainer.py] model_name: soyo
2026-03-17 09:01:05 [trainer.py] net_type: soyo_vit
2026-03-17 09:01:05 [trainer.py] image_dim: 768
2026-03-17 09:01:05 [trainer.py] prompt_length: 10
2026-03-17 09:01:05 [trainer.py] hidden_dim: 16
2026-03-17 09:01:05 [trainer.py] soyo_dim: 768
2026-03-17 09:01:05 [trainer.py] soyo_epoch: 30
2026-03-17 09:01:05 [trainer.py] soyo_lr: 0.1
2026-03-17 09:01:05 [trainer.py] soyo_weight_decay: 0.0002
2026-03-17 09:01:05 [trainer.py] init_epoch: 30
2026-03-17 09:01:05 [trainer.py] init_lr: 0.01
2026-03-17 09:01:05 [trainer.py] init_lr_decay: 0.1
2026-03-17 09:01:05 [trainer.py] init_weight_decay: 0.0002
2026-03-17 09:01:05 [trainer.py] epochs: 30
2026-03-17 09:01:05 [trainer.py] lr: 0.01
2026-03-17 09:01:05 [trainer.py] lr_decay: 0.1
2026-03-17 09:01:05 [trainer.py] weight_decay: 0.0002
2026-03-17 09:01:05 [trainer.py] batch_size: 128
2026-03-17 09:01:05 [trainer.py] seed: 0
2026-03-17 09:01:05 [trainer.py] num_workers: 16
2026-03-17 09:01:05 [trainer.py] memory_size: 0
2026-03-17 09:01:05 [trainer.py] memory_per_class: 0
2026-03-17 09:01:05 [trainer.py] fixed_memory: True
2026-03-17 09:01:05 [trainer.py] shuffle: False
2026-03-17 09:01:05 [trainer.py] EPSILON: 1e-08
2026-03-17 09:02:25 [trainer.py] Run Name: soyo_vit_deforest_dil
2026-03-17 09:02:25 [trainer.py] config: configs/deforest_dil_soyo_vit.yaml
2026-03-17 09:02:25 [trainer.py] device: [device(type='cuda', index=0)]
2026-03-17 09:02:25 [trainer.py] dataset: deforest_dil
2026-03-17 09:02:25 [trainer.py] data_path: /home/rizal/rizal_projects/DeforestDIL/datasets/deforest_dil
2026-03-17 09:02:25 [trainer.py] log_path: output
2026-03-17 09:02:25 [trainer.py] init_cls: 6
2026-03-17 09:02:25 [trainer.py] increment: 6
2026-03-17 09:02:25 [trainer.py] total_sessions: 5
2026-03-17 09:02:25 [trainer.py] order: 1
2026-03-17 09:02:25 [trainer.py] model_name: soyo
2026-03-17 09:02:25 [trainer.py] net_type: soyo_vit
2026-03-17 09:02:25 [trainer.py] image_dim: 768
2026-03-17 09:02:25 [trainer.py] prompt_length: 10
2026-03-17 09:02:25 [trainer.py] hidden_dim: 16
2026-03-17 09:02:25 [trainer.py] soyo_dim: 768
2026-03-17 09:02:25 [trainer.py] soyo_epoch: 30
2026-03-17 09:02:25 [trainer.py] soyo_lr: 0.1
2026-03-17 09:02:25 [trainer.py] soyo_weight_decay: 0.0002
2026-03-17 09:02:25 [trainer.py] init_epoch: 30
2026-03-17 09:02:25 [trainer.py] init_lr: 0.01
2026-03-17 09:02:25 [trainer.py] init_lr_decay: 0.1
2026-03-17 09:02:25 [trainer.py] init_weight_decay: 0.0002
2026-03-17 09:02:25 [trainer.py] epochs: 30
2026-03-17 09:02:25 [trainer.py] lr: 0.01
2026-03-17 09:02:25 [trainer.py] lr_decay: 0.1
2026-03-17 09:02:25 [trainer.py] weight_decay: 0.0002
2026-03-17 09:02:25 [trainer.py] batch_size: 128
2026-03-17 09:02:25 [trainer.py] seed: 0
2026-03-17 09:02:25 [trainer.py] num_workers: 16
2026-03-17 09:02:25 [trainer.py] memory_size: 0
2026-03-17 09:02:25 [trainer.py] memory_per_class: 0
2026-03-17 09:02:25 [trainer.py] fixed_memory: True
2026-03-17 09:02:25 [trainer.py] shuffle: False
2026-03-17 09:02:25 [trainer.py] EPSILON: 1e-08
2026-03-17 09:06:52 [trainer.py] Run Name: soyo_vit_deforest_dil
2026-03-17 09:06:52 [trainer.py] config: configs/deforest_dil_soyo_vit.yaml
2026-03-17 09:06:52 [trainer.py] device: [device(type='cuda', index=0)]
2026-03-17 09:06:52 [trainer.py] dataset: deforest_dil
2026-03-17 09:06:52 [trainer.py] data_path: /home/rizal/rizal_projects/DeforestDIL/datasets/deforest_dil
2026-03-17 09:06:52 [trainer.py] log_path: output
2026-03-17 09:06:52 [trainer.py] init_cls: 6
2026-03-17 09:06:52 [trainer.py] increment: 6
2026-03-17 09:06:52 [trainer.py] total_sessions: 5
2026-03-17 09:06:52 [trainer.py] order: 1
2026-03-17 09:06:52 [trainer.py] model_name: soyo
2026-03-17 09:06:52 [trainer.py] net_type: soyo_vit
2026-03-17 09:06:52 [trainer.py] image_dim: 768
2026-03-17 09:06:52 [trainer.py] prompt_length: 10
2026-03-17 09:06:52 [trainer.py] hidden_dim: 16
2026-03-17 09:06:52 [trainer.py] soyo_dim: 768
2026-03-17 09:06:52 [trainer.py] soyo_epoch: 30
2026-03-17 09:06:52 [trainer.py] soyo_lr: 0.1
2026-03-17 09:06:52 [trainer.py] soyo_weight_decay: 0.0002
2026-03-17 09:06:52 [trainer.py] init_epoch: 30
2026-03-17 09:06:52 [trainer.py] init_lr: 0.01
2026-03-17 09:06:52 [trainer.py] init_lr_decay: 0.1
2026-03-17 09:06:52 [trainer.py] init_weight_decay: 0.0002
2026-03-17 09:06:52 [trainer.py] epochs: 30
2026-03-17 09:06:52 [trainer.py] lr: 0.01
2026-03-17 09:06:52 [trainer.py] lr_decay: 0.1
2026-03-17 09:06:52 [trainer.py] weight_decay: 0.0002
2026-03-17 09:06:52 [trainer.py] batch_size: 128
2026-03-17 09:06:52 [trainer.py] seed: 0
2026-03-17 09:06:52 [trainer.py] num_workers: 16
2026-03-17 09:06:52 [trainer.py] memory_size: 0
2026-03-17 09:06:52 [trainer.py] memory_per_class: 0
2026-03-17 09:06:52 [trainer.py] fixed_memory: True
2026-03-17 09:06:52 [trainer.py] shuffle: False
2026-03-17 09:06:52 [trainer.py] EPSILON: 1e-08
2026-03-17 09:08:52 [trainer.py] Run Name: soyo_vit_deforest_dil
2026-03-17 09:08:52 [trainer.py] config: configs/deforest_dil_soyo_vit.yaml
2026-03-17 09:08:52 [trainer.py] device: [device(type='cuda', index=0)]
2026-03-17 09:08:52 [trainer.py] dataset: deforest_dil
2026-03-17 09:08:52 [trainer.py] data_path: /home/rizal/rizal_projects/DeforestDIL/datasets/deforest_dil
2026-03-17 09:08:52 [trainer.py] log_path: output
2026-03-17 09:08:52 [trainer.py] init_cls: 6
2026-03-17 09:08:52 [trainer.py] increment: 6
2026-03-17 09:08:52 [trainer.py] total_sessions: 5
2026-03-17 09:08:52 [trainer.py] order: 1
2026-03-17 09:08:52 [trainer.py] model_name: soyo
2026-03-17 09:08:52 [trainer.py] net_type: soyo_vit
2026-03-17 09:08:52 [trainer.py] image_dim: 768
2026-03-17 09:08:52 [trainer.py] prompt_length: 10
2026-03-17 09:08:52 [trainer.py] hidden_dim: 16
2026-03-17 09:08:52 [trainer.py] soyo_dim: 768
2026-03-17 09:08:52 [trainer.py] soyo_epoch: 30
2026-03-17 09:08:52 [trainer.py] soyo_lr: 0.1
2026-03-17 09:08:52 [trainer.py] soyo_weight_decay: 0.0002
2026-03-17 09:08:52 [trainer.py] init_epoch: 30
2026-03-17 09:08:52 [trainer.py] init_lr: 0.01
2026-03-17 09:08:52 [trainer.py] init_lr_decay: 0.1
2026-03-17 09:08:52 [trainer.py] init_weight_decay: 0.0002
2026-03-17 09:08:52 [trainer.py] epochs: 30
2026-03-17 09:08:52 [trainer.py] lr: 0.01
2026-03-17 09:08:52 [trainer.py] lr_decay: 0.1
2026-03-17 09:08:52 [trainer.py] weight_decay: 0.0002
2026-03-17 09:08:52 [trainer.py] batch_size: 128
2026-03-17 09:08:52 [trainer.py] seed: 0
2026-03-17 09:08:52 [trainer.py] num_workers: 16
2026-03-17 09:08:52 [trainer.py] memory_size: 0
2026-03-17 09:08:52 [trainer.py] memory_per_class: 0
2026-03-17 09:08:52 [trainer.py] fixed_memory: True
2026-03-17 09:08:52 [trainer.py] shuffle: False
2026-03-17 09:08:52 [trainer.py] EPSILON: 1e-08
2026-03-17 09:09:19 [trainer.py] Run Name: soyo_vit_deforest_dil
2026-03-17 09:09:19 [trainer.py] config: configs/deforest_dil_soyo_vit.yaml
2026-03-17 09:09:19 [trainer.py] device: [device(type='cuda', index=0)]
2026-03-17 09:09:19 [trainer.py] dataset: deforest_dil
2026-03-17 09:09:19 [trainer.py] data_path: /home/rizal/rizal_projects/DeforestDIL/datasets/deforest_dil
2026-03-17 09:09:19 [trainer.py] log_path: output
2026-03-17 09:09:19 [trainer.py] init_cls: 6
2026-03-17 09:09:19 [trainer.py] increment: 6
2026-03-17 09:09:19 [trainer.py] total_sessions: 5
2026-03-17 09:09:19 [trainer.py] order: 1
2026-03-17 09:09:19 [trainer.py] model_name: soyo
2026-03-17 09:09:19 [trainer.py] net_type: soyo_vit
2026-03-17 09:09:19 [trainer.py] image_dim: 768
2026-03-17 09:09:19 [trainer.py] prompt_length: 10
2026-03-17 09:09:19 [trainer.py] hidden_dim: 16
2026-03-17 09:09:19 [trainer.py] soyo_dim: 768
2026-03-17 09:09:19 [trainer.py] soyo_epoch: 30
2026-03-17 09:09:19 [trainer.py] soyo_lr: 0.1
2026-03-17 09:09:19 [trainer.py] soyo_weight_decay: 0.0002
2026-03-17 09:09:19 [trainer.py] init_epoch: 30
2026-03-17 09:09:19 [trainer.py] init_lr: 0.01
2026-03-17 09:09:19 [trainer.py] init_lr_decay: 0.1
2026-03-17 09:09:19 [trainer.py] init_weight_decay: 0.0002
2026-03-17 09:09:19 [trainer.py] epochs: 30
2026-03-17 09:09:19 [trainer.py] lr: 0.01
2026-03-17 09:09:19 [trainer.py] lr_decay: 0.1
2026-03-17 09:09:19 [trainer.py] weight_decay: 0.0002
2026-03-17 09:09:19 [trainer.py] batch_size: 128
2026-03-17 09:09:19 [trainer.py] seed: 0
2026-03-17 09:09:19 [trainer.py] num_workers: 16
2026-03-17 09:09:19 [trainer.py] memory_size: 0
2026-03-17 09:09:19 [trainer.py] memory_per_class: 0
2026-03-17 09:09:19 [trainer.py] fixed_memory: True
2026-03-17 09:09:19 [trainer.py] shuffle: False
2026-03-17 09:09:19 [trainer.py] EPSILON: 1e-08
2026-03-17 09:10:49 [trainer.py] Run Name: soyo_vit_deforest_dil
2026-03-17 09:10:49 [trainer.py] config: configs/deforest_dil_soyo_vit.yaml
2026-03-17 09:10:49 [trainer.py] device: [device(type='cuda', index=0)]
2026-03-17 09:10:49 [trainer.py] dataset: deforest_dil
2026-03-17 09:10:49 [trainer.py] data_path: /home/rizal/rizal_projects/DeforestDIL/datasets/deforest_dil
2026-03-17 09:10:49 [trainer.py] log_path: output
2026-03-17 09:10:49 [trainer.py] init_cls: 6
2026-03-17 09:10:49 [trainer.py] increment: 6
2026-03-17 09:10:49 [trainer.py] total_sessions: 5
2026-03-17 09:10:49 [trainer.py] order: 1
2026-03-17 09:10:49 [trainer.py] model_name: soyo
2026-03-17 09:10:49 [trainer.py] net_type: soyo_vit
2026-03-17 09:10:49 [trainer.py] image_dim: 768
2026-03-17 09:10:49 [trainer.py] prompt_length: 10
2026-03-17 09:10:49 [trainer.py] hidden_dim: 16
2026-03-17 09:10:49 [trainer.py] soyo_dim: 768
2026-03-17 09:10:49 [trainer.py] soyo_epoch: 30
2026-03-17 09:10:49 [trainer.py] soyo_lr: 0.1
2026-03-17 09:10:49 [trainer.py] soyo_weight_decay: 0.0002
2026-03-17 09:10:49 [trainer.py] init_epoch: 30
2026-03-17 09:10:49 [trainer.py] init_lr: 0.01
2026-03-17 09:10:49 [trainer.py] init_lr_decay: 0.1
2026-03-17 09:10:49 [trainer.py] init_weight_decay: 0.0002
2026-03-17 09:10:49 [trainer.py] epochs: 30
2026-03-17 09:10:49 [trainer.py] lr: 0.01
2026-03-17 09:10:49 [trainer.py] lr_decay: 0.1
2026-03-17 09:10:49 [trainer.py] weight_decay: 0.0002
2026-03-17 09:10:49 [trainer.py] batch_size: 128
2026-03-17 09:10:49 [trainer.py] seed: 0
2026-03-17 09:10:49 [trainer.py] num_workers: 16
2026-03-17 09:10:49 [trainer.py] memory_size: 0
2026-03-17 09:10:49 [trainer.py] memory_per_class: 0
2026-03-17 09:10:49 [trainer.py] fixed_memory: True
2026-03-17 09:10:49 [trainer.py] shuffle: False
2026-03-17 09:10:49 [trainer.py] EPSILON: 1e-08
2026-03-17 09:10:49 [_builder.py] Loading pretrained weights from url (https://storage.googleapis.com/vit_models/augreg/B_16-i21k-300ep-lr_0.001-aug_medium1-wd_0.1-do_0.0-sd_0.0--imagenet2012-steps_20k-lr_0.01-res_224.npz)
2026-03-17 09:12:14 [trainer.py] Run Name: soyo_vit_deforest_dil
2026-03-17 09:12:14 [trainer.py] config: configs/deforest_dil_soyo_vit.yaml
2026-03-17 09:12:14 [trainer.py] device: [device(type='cuda', index=0)]
2026-03-17 09:12:14 [trainer.py] dataset: deforest_dil
2026-03-17 09:12:14 [trainer.py] data_path: /home/rizal/rizal_projects/DeforestDIL/datasets/deforest_dil
2026-03-17 09:12:14 [trainer.py] log_path: output
2026-03-17 09:12:14 [trainer.py] init_cls: 6
2026-03-17 09:12:14 [trainer.py] increment: 6
2026-03-17 09:12:14 [trainer.py] total_sessions: 5
2026-03-17 09:12:14 [trainer.py] order: 1
2026-03-17 09:12:14 [trainer.py] model_name: soyo
2026-03-17 09:12:14 [trainer.py] net_type: soyo_vit
2026-03-17 09:12:14 [trainer.py] image_dim: 768
2026-03-17 09:12:14 [trainer.py] prompt_length: 10
2026-03-17 09:12:14 [trainer.py] hidden_dim: 16
2026-03-17 09:12:14 [trainer.py] soyo_dim: 768
2026-03-17 09:12:14 [trainer.py] soyo_epoch: 30
2026-03-17 09:12:14 [trainer.py] soyo_lr: 0.1
2026-03-17 09:12:14 [trainer.py] soyo_weight_decay: 0.0002
2026-03-17 09:12:14 [trainer.py] init_epoch: 30
2026-03-17 09:12:14 [trainer.py] init_lr: 0.01
2026-03-17 09:12:14 [trainer.py] init_lr_decay: 0.1
2026-03-17 09:12:14 [trainer.py] init_weight_decay: 0.0002
2026-03-17 09:12:14 [trainer.py] epochs: 30
2026-03-17 09:12:14 [trainer.py] lr: 0.01
2026-03-17 09:12:14 [trainer.py] lr_decay: 0.1
2026-03-17 09:12:14 [trainer.py] weight_decay: 0.0002
2026-03-17 09:12:14 [trainer.py] batch_size: 128
2026-03-17 09:12:14 [trainer.py] seed: 0
2026-03-17 09:12:14 [trainer.py] num_workers: 16
2026-03-17 09:12:14 [trainer.py] memory_size: 0
2026-03-17 09:12:14 [trainer.py] memory_per_class: 0
2026-03-17 09:12:14 [trainer.py] fixed_memory: True
2026-03-17 09:12:14 [trainer.py] shuffle: False
2026-03-17 09:12:14 [trainer.py] EPSILON: 1e-08
2026-03-17 09:12:46 [trainer.py] Run Name: soyo_vit_deforest_dil
2026-03-17 09:12:46 [trainer.py] config: configs/deforest_dil_soyo_vit.yaml
2026-03-17 09:12:46 [trainer.py] device: [device(type='cuda', index=0)]
2026-03-17 09:12:46 [trainer.py] dataset: deforest_dil
2026-03-17 09:12:46 [trainer.py] data_path: /home/rizal/rizal_projects/DeforestDIL/datasets/deforest_dil
2026-03-17 09:12:46 [trainer.py] log_path: output
2026-03-17 09:12:46 [trainer.py] init_cls: 6
2026-03-17 09:12:46 [trainer.py] increment: 6
2026-03-17 09:12:46 [trainer.py] total_sessions: 5
2026-03-17 09:12:46 [trainer.py] order: 1
2026-03-17 09:12:46 [trainer.py] model_name: soyo
2026-03-17 09:12:46 [trainer.py] net_type: soyo_vit
2026-03-17 09:12:46 [trainer.py] image_dim: 768
2026-03-17 09:12:46 [trainer.py] prompt_length: 10
2026-03-17 09:12:46 [trainer.py] hidden_dim: 16
2026-03-17 09:12:46 [trainer.py] soyo_dim: 768
2026-03-17 09:12:46 [trainer.py] soyo_epoch: 30
2026-03-17 09:12:46 [trainer.py] soyo_lr: 0.1
2026-03-17 09:12:46 [trainer.py] soyo_weight_decay: 0.0002
2026-03-17 09:12:46 [trainer.py] init_epoch: 30
2026-03-17 09:12:46 [trainer.py] init_lr: 0.01
2026-03-17 09:12:46 [trainer.py] init_lr_decay: 0.1
2026-03-17 09:12:46 [trainer.py] init_weight_decay: 0.0002
2026-03-17 09:12:46 [trainer.py] epochs: 30
2026-03-17 09:12:46 [trainer.py] lr: 0.01
2026-03-17 09:12:46 [trainer.py] lr_decay: 0.1
2026-03-17 09:12:46 [trainer.py] weight_decay: 0.0002
2026-03-17 09:12:46 [trainer.py] batch_size: 128
2026-03-17 09:12:46 [trainer.py] seed: 0
2026-03-17 09:12:46 [trainer.py] num_workers: 16
2026-03-17 09:12:46 [trainer.py] memory_size: 0
2026-03-17 09:12:46 [trainer.py] memory_per_class: 0
2026-03-17 09:12:46 [trainer.py] fixed_memory: True
2026-03-17 09:12:46 [trainer.py] shuffle: False
2026-03-17 09:12:46 [trainer.py] EPSILON: 1e-08
2026-03-17 09:13:00 [trainer.py] Run Name: soyo_vit_deforest_dil
2026-03-17 09:13:00 [trainer.py] config: configs/deforest_dil_soyo_vit.yaml
2026-03-17 09:13:00 [trainer.py] device: [device(type='cuda', index=0)]
2026-03-17 09:13:00 [trainer.py] dataset: deforest_dil
2026-03-17 09:13:00 [trainer.py] data_path: /home/rizal/rizal_projects/DeforestDIL/datasets/deforest_dil
2026-03-17 09:13:00 [trainer.py] log_path: output
2026-03-17 09:13:00 [trainer.py] init_cls: 6
2026-03-17 09:13:00 [trainer.py] increment: 6
2026-03-17 09:13:00 [trainer.py] total_sessions: 5
2026-03-17 09:13:00 [trainer.py] order: 1
2026-03-17 09:13:00 [trainer.py] model_name: soyo
2026-03-17 09:13:00 [trainer.py] net_type: soyo_vit
2026-03-17 09:13:00 [trainer.py] image_dim: 768
2026-03-17 09:13:00 [trainer.py] prompt_length: 10
2026-03-17 09:13:00 [trainer.py] hidden_dim: 16
2026-03-17 09:13:00 [trainer.py] soyo_dim: 768
2026-03-17 09:13:00 [trainer.py] soyo_epoch: 30
2026-03-17 09:13:00 [trainer.py] soyo_lr: 0.1
2026-03-17 09:13:00 [trainer.py] soyo_weight_decay: 0.0002
2026-03-17 09:13:00 [trainer.py] init_epoch: 30
2026-03-17 09:13:00 [trainer.py] init_lr: 0.01
2026-03-17 09:13:00 [trainer.py] init_lr_decay: 0.1
2026-03-17 09:13:00 [trainer.py] init_weight_decay: 0.0002
2026-03-17 09:13:00 [trainer.py] epochs: 30
2026-03-17 09:13:00 [trainer.py] lr: 0.01
2026-03-17 09:13:00 [trainer.py] lr_decay: 0.1
2026-03-17 09:13:00 [trainer.py] weight_decay: 0.0002
2026-03-17 09:13:00 [trainer.py] batch_size: 128
2026-03-17 09:13:00 [trainer.py] seed: 0
2026-03-17 09:13:00 [trainer.py] num_workers: 16
2026-03-17 09:13:00 [trainer.py] memory_size: 0
2026-03-17 09:13:00 [trainer.py] memory_per_class: 0
2026-03-17 09:13:00 [trainer.py] fixed_memory: True
2026-03-17 09:13:00 [trainer.py] shuffle: False
2026-03-17 09:13:00 [trainer.py] EPSILON: 1e-08
2026-03-17 09:14:37 [trainer.py] Run Name: soyo_vit_deforest_dil
2026-03-17 09:14:37 [trainer.py] config: configs/deforest_dil_soyo_vit.yaml
2026-03-17 09:14:37 [trainer.py] device: [device(type='cuda', index=0)]
2026-03-17 09:14:37 [trainer.py] dataset: deforest_dil
2026-03-17 09:14:37 [trainer.py] data_path: /home/rizal/rizal_projects/DeforestDIL/datasets/deforest_dil
2026-03-17 09:14:37 [trainer.py] log_path: output
2026-03-17 09:14:37 [trainer.py] init_cls: 6
2026-03-17 09:14:37 [trainer.py] increment: 6
2026-03-17 09:14:37 [trainer.py] total_sessions: 5
2026-03-17 09:14:37 [trainer.py] order: 1
2026-03-17 09:14:37 [trainer.py] model_name: soyo
2026-03-17 09:14:37 [trainer.py] net_type: soyo_vit
2026-03-17 09:14:37 [trainer.py] image_dim: 768
2026-03-17 09:14:37 [trainer.py] prompt_length: 10
2026-03-17 09:14:37 [trainer.py] hidden_dim: 16
2026-03-17 09:14:37 [trainer.py] soyo_dim: 768
2026-03-17 09:14:37 [trainer.py] soyo_epoch: 30
2026-03-17 09:14:37 [trainer.py] soyo_lr: 0.1
2026-03-17 09:14:37 [trainer.py] soyo_weight_decay: 0.0002
2026-03-17 09:14:37 [trainer.py] init_epoch: 30
2026-03-17 09:14:37 [trainer.py] init_lr: 0.01
2026-03-17 09:14:37 [trainer.py] init_lr_decay: 0.1
2026-03-17 09:14:37 [trainer.py] init_weight_decay: 0.0002
2026-03-17 09:14:37 [trainer.py] epochs: 30
2026-03-17 09:14:37 [trainer.py] lr: 0.01
2026-03-17 09:14:37 [trainer.py] lr_decay: 0.1
2026-03-17 09:14:37 [trainer.py] weight_decay: 0.0002
2026-03-17 09:14:37 [trainer.py] batch_size: 128
2026-03-17 09:14:37 [trainer.py] seed: 0
2026-03-17 09:14:37 [trainer.py] num_workers: 16
2026-03-17 09:14:37 [trainer.py] memory_size: 0
2026-03-17 09:14:37 [trainer.py] memory_per_class: 0
2026-03-17 09:14:37 [trainer.py] fixed_memory: True
2026-03-17 09:14:37 [trainer.py] shuffle: False
2026-03-17 09:14:37 [trainer.py] EPSILON: 1e-08
2026-03-17 09:14:47 [trainer.py] Run Name: soyo_vit_deforest_dil
2026-03-17 09:14:47 [trainer.py] config: configs/deforest_dil_soyo_vit.yaml
2026-03-17 09:14:47 [trainer.py] device: [device(type='cuda', index=0)]
2026-03-17 09:14:47 [trainer.py] dataset: deforest_dil
2026-03-17 09:14:47 [trainer.py] data_path: /home/rizal/rizal_projects/DeforestDIL/datasets/deforest_dil
2026-03-17 09:14:47 [trainer.py] log_path: output
2026-03-17 09:14:47 [trainer.py] init_cls: 6
2026-03-17 09:14:47 [trainer.py] increment: 6
2026-03-17 09:14:47 [trainer.py] total_sessions: 5
2026-03-17 09:14:47 [trainer.py] order: 1
2026-03-17 09:14:47 [trainer.py] model_name: soyo
2026-03-17 09:14:47 [trainer.py] net_type: soyo_vit
2026-03-17 09:14:47 [trainer.py] image_dim: 768
2026-03-17 09:14:47 [trainer.py] prompt_length: 10
2026-03-17 09:14:47 [trainer.py] hidden_dim: 16
2026-03-17 09:14:47 [trainer.py] soyo_dim: 768
2026-03-17 09:14:47 [trainer.py] soyo_epoch: 30
2026-03-17 09:14:47 [trainer.py] soyo_lr: 0.1
2026-03-17 09:14:47 [trainer.py] soyo_weight_decay: 0.0002
2026-03-17 09:14:47 [trainer.py] init_epoch: 30
2026-03-17 09:14:47 [trainer.py] init_lr: 0.01
2026-03-17 09:14:47 [trainer.py] init_lr_decay: 0.1
2026-03-17 09:14:47 [trainer.py] init_weight_decay: 0.0002
2026-03-17 09:14:47 [trainer.py] epochs: 30
2026-03-17 09:14:47 [trainer.py] lr: 0.01
2026-03-17 09:14:47 [trainer.py] lr_decay: 0.1
2026-03-17 09:14:47 [trainer.py] weight_decay: 0.0002
2026-03-17 09:14:47 [trainer.py] batch_size: 128
2026-03-17 09:14:47 [trainer.py] seed: 0
2026-03-17 09:14:47 [trainer.py] num_workers: 16
2026-03-17 09:14:47 [trainer.py] memory_size: 0
2026-03-17 09:14:47 [trainer.py] memory_per_class: 0
2026-03-17 09:14:47 [trainer.py] fixed_memory: True
2026-03-17 09:14:47 [trainer.py] shuffle: False
2026-03-17 09:14:47 [trainer.py] EPSILON: 1e-08
2026-03-17 09:16:17 [trainer.py] Run Name: soyo_vit_deforest_dil
2026-03-17 09:16:17 [trainer.py] config: configs/deforest_dil_soyo_vit.yaml
2026-03-17 09:16:17 [trainer.py] device: [device(type='cuda', index=0)]
2026-03-17 09:16:17 [trainer.py] dataset: deforest_dil
2026-03-17 09:16:17 [trainer.py] data_path: /home/rizal/rizal_projects/DeforestDIL/datasets/deforest_dil
2026-03-17 09:16:17 [trainer.py] log_path: output
2026-03-17 09:16:17 [trainer.py] init_cls: 6
2026-03-17 09:16:17 [trainer.py] increment: 6
2026-03-17 09:16:17 [trainer.py] total_sessions: 5
2026-03-17 09:16:17 [trainer.py] order: 1
2026-03-17 09:16:17 [trainer.py] model_name: soyo
2026-03-17 09:16:17 [trainer.py] net_type: soyo_vit
2026-03-17 09:16:17 [trainer.py] image_dim: 768
2026-03-17 09:16:17 [trainer.py] prompt_length: 10
2026-03-17 09:16:17 [trainer.py] hidden_dim: 16
2026-03-17 09:16:17 [trainer.py] soyo_dim: 768
2026-03-17 09:16:17 [trainer.py] soyo_epoch: 30
2026-03-17 09:16:17 [trainer.py] soyo_lr: 0.1
2026-03-17 09:16:17 [trainer.py] soyo_weight_decay: 0.0002
2026-03-17 09:16:17 [trainer.py] init_epoch: 30
2026-03-17 09:16:17 [trainer.py] init_lr: 0.01
2026-03-17 09:16:17 [trainer.py] init_lr_decay: 0.1
2026-03-17 09:16:17 [trainer.py] init_weight_decay: 0.0002
2026-03-17 09:16:17 [trainer.py] epochs: 30
2026-03-17 09:16:17 [trainer.py] lr: 0.01
2026-03-17 09:16:17 [trainer.py] lr_decay: 0.1
2026-03-17 09:16:17 [trainer.py] weight_decay: 0.0002
2026-03-17 09:16:17 [trainer.py] batch_size: 128
2026-03-17 09:16:17 [trainer.py] seed: 0
2026-03-17 09:16:17 [trainer.py] num_workers: 16
2026-03-17 09:16:17 [trainer.py] memory_size: 0
2026-03-17 09:16:17 [trainer.py] memory_per_class: 0
2026-03-17 09:16:17 [trainer.py] fixed_memory: True
2026-03-17 09:16:17 [trainer.py] shuffle: False
2026-03-17 09:16:17 [trainer.py] EPSILON: 1e-08
2026-03-17 09:17:47 [trainer.py] Run Name: soyo_vit_deforest_dil
2026-03-17 09:17:47 [trainer.py] config: configs/deforest_dil_soyo_vit.yaml
2026-03-17 09:17:47 [trainer.py] device: [device(type='cuda', index=0)]
2026-03-17 09:17:47 [trainer.py] dataset: deforest_dil
2026-03-17 09:17:47 [trainer.py] data_path: /home/rizal/rizal_projects/DeforestDIL/datasets/deforest_dil
2026-03-17 09:17:47 [trainer.py] log_path: output
2026-03-17 09:17:47 [trainer.py] init_cls: 6
2026-03-17 09:17:47 [trainer.py] increment: 6
2026-03-17 09:17:47 [trainer.py] total_sessions: 5
2026-03-17 09:17:47 [trainer.py] order: 1
2026-03-17 09:17:47 [trainer.py] model_name: soyo
2026-03-17 09:17:47 [trainer.py] net_type: soyo_vit
2026-03-17 09:17:47 [trainer.py] image_dim: 768
2026-03-17 09:17:47 [trainer.py] prompt_length: 10
2026-03-17 09:17:47 [trainer.py] hidden_dim: 16
2026-03-17 09:17:47 [trainer.py] soyo_dim: 768
2026-03-17 09:17:47 [trainer.py] soyo_epoch: 30
2026-03-17 09:17:47 [trainer.py] soyo_lr: 0.1
2026-03-17 09:17:47 [trainer.py] soyo_weight_decay: 0.0002
2026-03-17 09:17:47 [trainer.py] init_epoch: 30
2026-03-17 09:17:47 [trainer.py] init_lr: 0.01
2026-03-17 09:17:47 [trainer.py] init_lr_decay: 0.1
2026-03-17 09:17:47 [trainer.py] init_weight_decay: 0.0002
2026-03-17 09:17:47 [trainer.py] epochs: 30
2026-03-17 09:17:47 [trainer.py] lr: 0.01
2026-03-17 09:17:47 [trainer.py] lr_decay: 0.1
2026-03-17 09:17:47 [trainer.py] weight_decay: 0.0002
2026-03-17 09:17:47 [trainer.py] batch_size: 128
2026-03-17 09:17:47 [trainer.py] seed: 0
2026-03-17 09:17:47 [trainer.py] num_workers: 16
2026-03-17 09:17:47 [trainer.py] memory_size: 0
2026-03-17 09:17:47 [trainer.py] memory_per_class: 0
2026-03-17 09:17:47 [trainer.py] fixed_memory: True
2026-03-17 09:17:47 [trainer.py] shuffle: False
2026-03-17 09:17:47 [trainer.py] EPSILON: 1e-08
2026-03-17 09:17:47 [_client.py] HTTP Request: HEAD https://huggingface.co/timm/vit_base_patch16_224.augreg2_in21k_ft_in1k/resolve/main/pytorch_model.bin "HTTP/1.1 302 Found"
2026-03-17 09:17:47 [_http.py] Warning: You are sending unauthenticated requests to the HF Hub. Please set a HF_TOKEN to enable higher rate limits and faster downloads.
2026-03-17 09:17:48 [_client.py] HTTP Request: GET https://huggingface.co/api/models/timm/vit_base_patch16_224.augreg2_in21k_ft_in1k/xet-read-token/063c6c38a5d8510b2e57df480445e94b231dad2c "HTTP/1.1 200 OK"
2026-03-17 09:18:19 [soyo.py] 
2026-03-17 09:18:19 [soyo.py] ==> Training task 0, Learning on 0-6
2026-03-17 09:18:19 [soyo.py]     len(train_dataset): 13624
2026-03-17 09:18:19 [soyo.py]     len(test_dataset): 3406
2026-03-17 09:18:20 [soyo.py] ==> Checking the parameter
2026-03-17 09:18:20 [soyo.py]     Total parameters: 92909254
2026-03-17 09:18:20 [soyo.py]     Trainable parameters: 316614
2026-03-17 09:18:20 [soyo.py]     Blocks:
2026-03-17 09:18:20 [soyo.py]         image_encoder: 91326184
2026-03-17 09:18:20 [soyo.py]         classifier: 23070
2026-03-17 09:18:20 [soyo.py]         prompt_pool: 38400
2026-03-17 09:18:20 [soyo.py]         down_pool: 738240
2026-03-17 09:18:20 [soyo.py]         up_pool: 783360
2026-03-17 09:18:20 [soyo.py]     Training:
2026-03-17 09:18:20 [soyo.py]         classifier.0.weight: torch.Size([6, 768])
2026-03-17 09:18:20 [soyo.py]         classifier.0.bias: torch.Size([6])
2026-03-17 09:18:20 [soyo.py]         prompt_pool.0.weight: torch.Size([10, 768])
2026-03-17 09:18:20 [soyo.py]         down_pool.0.0.weight: torch.Size([16, 768])
2026-03-17 09:18:20 [soyo.py]         down_pool.0.0.bias: torch.Size([16])
2026-03-17 09:18:20 [soyo.py]         down_pool.0.1.weight: torch.Size([16, 768])
2026-03-17 09:18:20 [soyo.py]         down_pool.0.1.bias: torch.Size([16])
2026-03-17 09:18:20 [soyo.py]         down_pool.0.2.weight: torch.Size([16, 768])
2026-03-17 09:18:20 [soyo.py]         down_pool.0.2.bias: torch.Size([16])
2026-03-17 09:18:20 [soyo.py]         down_pool.0.3.weight: torch.Size([16, 768])
2026-03-17 09:18:20 [soyo.py]         down_pool.0.3.bias: torch.Size([16])
2026-03-17 09:18:20 [soyo.py]         down_pool.0.4.weight: torch.Size([16, 768])
2026-03-17 09:18:20 [soyo.py]         down_pool.0.4.bias: torch.Size([16])
2026-03-17 09:18:20 [soyo.py]         down_pool.0.5.weight: torch.Size([16, 768])
2026-03-17 09:18:20 [soyo.py]         down_pool.0.5.bias: torch.Size([16])
2026-03-17 09:18:20 [soyo.py]         down_pool.0.6.weight: torch.Size([16, 768])
2026-03-17 09:18:20 [soyo.py]         down_pool.0.6.bias: torch.Size([16])
2026-03-17 09:18:20 [soyo.py]         down_pool.0.7.weight: torch.Size([16, 768])
2026-03-17 09:18:20 [soyo.py]         down_pool.0.7.bias: torch.Size([16])
2026-03-17 09:18:20 [soyo.py]         down_pool.0.8.weight: torch.Size([16, 768])
2026-03-17 09:18:20 [soyo.py]         down_pool.0.8.bias: torch.Size([16])
2026-03-17 09:18:20 [soyo.py]         down_pool.0.9.weight: torch.Size([16, 768])
2026-03-17 09:18:20 [soyo.py]         down_pool.0.9.bias: torch.Size([16])
2026-03-17 09:18:20 [soyo.py]         down_pool.0.10.weight: torch.Size([16, 768])
2026-03-17 09:18:20 [soyo.py]         down_pool.0.10.bias: torch.Size([16])
2026-03-17 09:18:20 [soyo.py]         down_pool.0.11.weight: torch.Size([16, 768])
2026-03-17 09:18:20 [soyo.py]         down_pool.0.11.bias: torch.Size([16])
2026-03-17 09:18:20 [soyo.py]         up_pool.0.0.weight: torch.Size([768, 16])
2026-03-17 09:18:20 [soyo.py]         up_pool.0.0.bias: torch.Size([768])
2026-03-17 09:18:20 [soyo.py]         up_pool.0.1.weight: torch.Size([768, 16])
2026-03-17 09:18:20 [soyo.py]         up_pool.0.1.bias: torch.Size([768])
2026-03-17 09:18:20 [soyo.py]         up_pool.0.2.weight: torch.Size([768, 16])
2026-03-17 09:18:20 [soyo.py]         up_pool.0.2.bias: torch.Size([768])
2026-03-17 09:18:20 [soyo.py]         up_pool.0.3.weight: torch.Size([768, 16])
2026-03-17 09:18:20 [soyo.py]         up_pool.0.3.bias: torch.Size([768])
2026-03-17 09:18:20 [soyo.py]         up_pool.0.4.weight: torch.Size([768, 16])
2026-03-17 09:18:20 [soyo.py]         up_pool.0.4.bias: torch.Size([768])
2026-03-17 09:18:20 [soyo.py]         up_pool.0.5.weight: torch.Size([768, 16])
2026-03-17 09:18:20 [soyo.py]         up_pool.0.5.bias: torch.Size([768])
2026-03-17 09:18:20 [soyo.py]         up_pool.0.6.weight: torch.Size([768, 16])
2026-03-17 09:18:20 [soyo.py]         up_pool.0.6.bias: torch.Size([768])
2026-03-17 09:18:20 [soyo.py]         up_pool.0.7.weight: torch.Size([768, 16])
2026-03-17 09:18:20 [soyo.py]         up_pool.0.7.bias: torch.Size([768])
2026-03-17 09:18:20 [soyo.py]         up_pool.0.8.weight: torch.Size([768, 16])
2026-03-17 09:18:20 [soyo.py]         up_pool.0.8.bias: torch.Size([768])
2026-03-17 09:18:20 [soyo.py]         up_pool.0.9.weight: torch.Size([768, 16])
2026-03-17 09:18:20 [soyo.py]         up_pool.0.9.bias: torch.Size([768])
2026-03-17 09:18:20 [soyo.py]         up_pool.0.10.weight: torch.Size([768, 16])
2026-03-17 09:18:20 [soyo.py]         up_pool.0.10.bias: torch.Size([768])
2026-03-17 09:18:20 [soyo.py]         up_pool.0.11.weight: torch.Size([768, 16])
2026-03-17 09:18:20 [soyo.py]         up_pool.0.11.bias: torch.Size([768])
2026-03-17 09:22:14 [trainer.py] Run Name: soyo_vit_deforest_dil
2026-03-17 09:22:14 [trainer.py] config: configs/deforest_dil_soyo_vit.yaml
2026-03-17 09:22:14 [trainer.py] device: [device(type='cuda', index=0)]
2026-03-17 09:22:14 [trainer.py] dataset: deforest_dil
2026-03-17 09:22:14 [trainer.py] data_path: /home/rizal/rizal_projects/DeforestDIL/datasets/deforest_dil
2026-03-17 09:22:14 [trainer.py] log_path: output
2026-03-17 09:22:14 [trainer.py] init_cls: 6
2026-03-17 09:22:14 [trainer.py] increment: 6
2026-03-17 09:22:14 [trainer.py] total_sessions: 5
2026-03-17 09:22:14 [trainer.py] order: 1
2026-03-17 09:22:14 [trainer.py] model_name: soyo
2026-03-17 09:22:14 [trainer.py] net_type: soyo_vit
2026-03-17 09:22:14 [trainer.py] image_dim: 768
2026-03-17 09:22:14 [trainer.py] prompt_length: 10
2026-03-17 09:22:14 [trainer.py] hidden_dim: 16
2026-03-17 09:22:14 [trainer.py] soyo_dim: 768
2026-03-17 09:22:14 [trainer.py] soyo_epoch: 30
2026-03-17 09:22:14 [trainer.py] soyo_lr: 0.1
2026-03-17 09:22:14 [trainer.py] soyo_weight_decay: 0.0002
2026-03-17 09:22:14 [trainer.py] init_epoch: 30
2026-03-17 09:22:14 [trainer.py] init_lr: 0.01
2026-03-17 09:22:14 [trainer.py] init_lr_decay: 0.1
2026-03-17 09:22:14 [trainer.py] init_weight_decay: 0.0002
2026-03-17 09:22:14 [trainer.py] epochs: 30
2026-03-17 09:22:14 [trainer.py] lr: 0.01
2026-03-17 09:22:14 [trainer.py] lr_decay: 0.1
2026-03-17 09:22:14 [trainer.py] weight_decay: 0.0002
2026-03-17 09:22:14 [trainer.py] batch_size: 128
2026-03-17 09:22:14 [trainer.py] seed: 0
2026-03-17 09:22:14 [trainer.py] num_workers: 16
2026-03-17 09:22:14 [trainer.py] memory_size: 0
2026-03-17 09:22:14 [trainer.py] memory_per_class: 0
2026-03-17 09:22:14 [trainer.py] fixed_memory: True
2026-03-17 09:22:14 [trainer.py] shuffle: False
2026-03-17 09:22:14 [trainer.py] EPSILON: 1e-08
2026-03-17 09:22:15 [soyo.py] 
2026-03-17 09:22:15 [soyo.py] ==> Training task 0, Learning on 0-6
2026-03-17 09:22:15 [soyo.py]     len(train_dataset): 13624
2026-03-17 09:22:15 [soyo.py]     len(test_dataset): 3406
2026-03-17 09:22:15 [soyo.py] ==> Checking the parameter
2026-03-17 09:22:15 [soyo.py]     Total parameters: 92909254
2026-03-17 09:22:15 [soyo.py]     Trainable parameters: 316614
2026-03-17 09:22:15 [soyo.py]     Blocks:
2026-03-17 09:22:15 [soyo.py]         image_encoder: 91326184
2026-03-17 09:22:15 [soyo.py]         classifier: 23070
2026-03-17 09:22:15 [soyo.py]         prompt_pool: 38400
2026-03-17 09:22:15 [soyo.py]         down_pool: 738240
2026-03-17 09:22:15 [soyo.py]         up_pool: 783360
2026-03-17 09:22:15 [soyo.py]     Training:
2026-03-17 09:22:15 [soyo.py]         classifier.0.weight: torch.Size([6, 768])
2026-03-17 09:22:15 [soyo.py]         classifier.0.bias: torch.Size([6])
2026-03-17 09:22:15 [soyo.py]         prompt_pool.0.weight: torch.Size([10, 768])
2026-03-17 09:22:15 [soyo.py]         down_pool.0.0.weight: torch.Size([16, 768])
2026-03-17 09:22:15 [soyo.py]         down_pool.0.0.bias: torch.Size([16])
2026-03-17 09:22:15 [soyo.py]         down_pool.0.1.weight: torch.Size([16, 768])
2026-03-17 09:22:15 [soyo.py]         down_pool.0.1.bias: torch.Size([16])
2026-03-17 09:22:15 [soyo.py]         down_pool.0.2.weight: torch.Size([16, 768])
2026-03-17 09:22:15 [soyo.py]         down_pool.0.2.bias: torch.Size([16])
2026-03-17 09:22:15 [soyo.py]         down_pool.0.3.weight: torch.Size([16, 768])
2026-03-17 09:22:15 [soyo.py]         down_pool.0.3.bias: torch.Size([16])
2026-03-17 09:22:15 [soyo.py]         down_pool.0.4.weight: torch.Size([16, 768])
2026-03-17 09:22:15 [soyo.py]         down_pool.0.4.bias: torch.Size([16])
2026-03-17 09:22:15 [soyo.py]         down_pool.0.5.weight: torch.Size([16, 768])
2026-03-17 09:22:15 [soyo.py]         down_pool.0.5.bias: torch.Size([16])
2026-03-17 09:22:15 [soyo.py]         down_pool.0.6.weight: torch.Size([16, 768])
2026-03-17 09:22:15 [soyo.py]         down_pool.0.6.bias: torch.Size([16])
2026-03-17 09:22:15 [soyo.py]         down_pool.0.7.weight: torch.Size([16, 768])
2026-03-17 09:22:15 [soyo.py]         down_pool.0.7.bias: torch.Size([16])
2026-03-17 09:22:15 [soyo.py]         down_pool.0.8.weight: torch.Size([16, 768])
2026-03-17 09:22:15 [soyo.py]         down_pool.0.8.bias: torch.Size([16])
2026-03-17 09:22:15 [soyo.py]         down_pool.0.9.weight: torch.Size([16, 768])
2026-03-17 09:22:15 [soyo.py]         down_pool.0.9.bias: torch.Size([16])
2026-03-17 09:22:15 [soyo.py]         down_pool.0.10.weight: torch.Size([16, 768])
2026-03-17 09:22:15 [soyo.py]         down_pool.0.10.bias: torch.Size([16])
2026-03-17 09:22:15 [soyo.py]         down_pool.0.11.weight: torch.Size([16, 768])
2026-03-17 09:22:15 [soyo.py]         down_pool.0.11.bias: torch.Size([16])
2026-03-17 09:22:15 [soyo.py]         up_pool.0.0.weight: torch.Size([768, 16])
2026-03-17 09:22:15 [soyo.py]         up_pool.0.0.bias: torch.Size([768])
2026-03-17 09:22:15 [soyo.py]         up_pool.0.1.weight: torch.Size([768, 16])
2026-03-17 09:22:15 [soyo.py]         up_pool.0.1.bias: torch.Size([768])
2026-03-17 09:22:15 [soyo.py]         up_pool.0.2.weight: torch.Size([768, 16])
2026-03-17 09:22:15 [soyo.py]         up_pool.0.2.bias: torch.Size([768])
2026-03-17 09:22:15 [soyo.py]         up_pool.0.3.weight: torch.Size([768, 16])
2026-03-17 09:22:15 [soyo.py]         up_pool.0.3.bias: torch.Size([768])
2026-03-17 09:22:15 [soyo.py]         up_pool.0.4.weight: torch.Size([768, 16])
2026-03-17 09:22:15 [soyo.py]         up_pool.0.4.bias: torch.Size([768])
2026-03-17 09:22:15 [soyo.py]         up_pool.0.5.weight: torch.Size([768, 16])
2026-03-17 09:22:15 [soyo.py]         up_pool.0.5.bias: torch.Size([768])
2026-03-17 09:22:15 [soyo.py]         up_pool.0.6.weight: torch.Size([768, 16])
2026-03-17 09:22:15 [soyo.py]         up_pool.0.6.bias: torch.Size([768])
2026-03-17 09:22:15 [soyo.py]         up_pool.0.7.weight: torch.Size([768, 16])
2026-03-17 09:22:15 [soyo.py]         up_pool.0.7.bias: torch.Size([768])
2026-03-17 09:22:15 [soyo.py]         up_pool.0.8.weight: torch.Size([768, 16])
2026-03-17 09:22:15 [soyo.py]         up_pool.0.8.bias: torch.Size([768])
2026-03-17 09:22:15 [soyo.py]         up_pool.0.9.weight: torch.Size([768, 16])
2026-03-17 09:22:15 [soyo.py]         up_pool.0.9.bias: torch.Size([768])
2026-03-17 09:22:15 [soyo.py]         up_pool.0.10.weight: torch.Size([768, 16])
2026-03-17 09:22:15 [soyo.py]         up_pool.0.10.bias: torch.Size([768])
2026-03-17 09:22:15 [soyo.py]         up_pool.0.11.weight: torch.Size([768, 16])
2026-03-17 09:22:15 [soyo.py]         up_pool.0.11.bias: torch.Size([768])
2026-03-17 09:22:59 [soyo.py] Task 0, Epoch [1/30] lr 0.00997 Loss 52.769, Train_accy 32.46, Test_accy 47.92
2026-03-17 09:23:44 [soyo.py] Task 0, Epoch [2/30] lr 0.00989 Loss 15.100, Train_accy 35.19, Test_accy 47.92
2026-03-17 09:24:29 [soyo.py] Task 0, Epoch [3/30] lr 0.00976 Loss 1.598, Train_accy 43.54, Test_accy 47.92
2026-03-17 09:25:14 [soyo.py] Task 0, Epoch [4/30] lr 0.00957 Loss 1.415, Train_accy 43.45, Test_accy 47.92
2026-03-17 09:25:59 [soyo.py] Task 0, Epoch [5/30] lr 0.00933 Loss 1.338, Train_accy 44.34, Test_accy 47.92
2026-03-17 09:31:35 [trainer.py] Run Name: soyo_vit_deforest_dil
2026-03-17 09:31:35 [trainer.py] config: configs/deforest_dil_soyo_vit.yaml
2026-03-17 09:31:35 [trainer.py] device: [device(type='cuda', index=0)]
2026-03-17 09:31:35 [trainer.py] dataset: deforest_dil
2026-03-17 09:31:35 [trainer.py] data_path: /home/rizal/rizal_projects/DeforestDIL/datasets/deforest_dil
2026-03-17 09:31:35 [trainer.py] log_path: output
2026-03-17 09:31:35 [trainer.py] init_cls: 6
2026-03-17 09:31:35 [trainer.py] increment: 6
2026-03-17 09:31:35 [trainer.py] total_sessions: 5
2026-03-17 09:31:35 [trainer.py] order: 1
2026-03-17 09:31:35 [trainer.py] model_name: soyo
2026-03-17 09:31:35 [trainer.py] net_type: soyo_vit
2026-03-17 09:31:35 [trainer.py] image_dim: 768
2026-03-17 09:31:35 [trainer.py] prompt_length: 10
2026-03-17 09:31:35 [trainer.py] hidden_dim: 16
2026-03-17 09:31:35 [trainer.py] soyo_dim: 768
2026-03-17 09:31:35 [trainer.py] soyo_epoch: 30
2026-03-17 09:31:35 [trainer.py] soyo_lr: 0.1
2026-03-17 09:31:35 [trainer.py] soyo_weight_decay: 0.0002
2026-03-17 09:31:35 [trainer.py] init_epoch: 30
2026-03-17 09:31:35 [trainer.py] init_lr: 0.01
2026-03-17 09:31:35 [trainer.py] init_lr_decay: 0.1
2026-03-17 09:31:35 [trainer.py] init_weight_decay: 0.0002
2026-03-17 09:31:35 [trainer.py] epochs: 30
2026-03-17 09:31:35 [trainer.py] lr: 0.01
2026-03-17 09:31:35 [trainer.py] lr_decay: 0.1
2026-03-17 09:31:35 [trainer.py] weight_decay: 0.0002
2026-03-17 09:31:35 [trainer.py] batch_size: 128
2026-03-17 09:31:35 [trainer.py] seed: 0
2026-03-17 09:31:35 [trainer.py] num_workers: 16
2026-03-17 09:31:35 [trainer.py] memory_size: 0
2026-03-17 09:31:35 [trainer.py] memory_per_class: 0
2026-03-17 09:31:35 [trainer.py] fixed_memory: True
2026-03-17 09:31:35 [trainer.py] shuffle: False
2026-03-17 09:31:35 [trainer.py] EPSILON: 1e-08
2026-03-17 09:31:35 [soyo.py] 
2026-03-17 09:31:35 [soyo.py] ==> Training task 0, Learning on 0-6
2026-03-17 09:31:35 [soyo.py]     len(train_dataset): 13624
2026-03-17 09:31:35 [soyo.py]     len(test_dataset): 3406
2026-03-17 09:31:35 [soyo.py] ==> Checking the parameter
2026-03-17 09:31:35 [soyo.py]     Total parameters: 92909254
2026-03-17 09:31:35 [soyo.py]     Trainable parameters: 316614
2026-03-17 09:31:35 [soyo.py]     Blocks:
2026-03-17 09:31:35 [soyo.py]         image_encoder: 91326184
2026-03-17 09:31:35 [soyo.py]         classifier: 23070
2026-03-17 09:31:35 [soyo.py]         prompt_pool: 38400
2026-03-17 09:31:35 [soyo.py]         down_pool: 738240
2026-03-17 09:31:35 [soyo.py]         up_pool: 783360
2026-03-17 09:31:35 [soyo.py]     Training:
2026-03-17 09:31:35 [soyo.py]         classifier.0.weight: torch.Size([6, 768])
2026-03-17 09:31:35 [soyo.py]         classifier.0.bias: torch.Size([6])
2026-03-17 09:31:35 [soyo.py]         prompt_pool.0.weight: torch.Size([10, 768])
2026-03-17 09:31:35 [soyo.py]         down_pool.0.0.weight: torch.Size([16, 768])
2026-03-17 09:31:35 [soyo.py]         down_pool.0.0.bias: torch.Size([16])
2026-03-17 09:31:35 [soyo.py]         down_pool.0.1.weight: torch.Size([16, 768])
2026-03-17 09:31:35 [soyo.py]         down_pool.0.1.bias: torch.Size([16])
2026-03-17 09:31:35 [soyo.py]         down_pool.0.2.weight: torch.Size([16, 768])
2026-03-17 09:31:35 [soyo.py]         down_pool.0.2.bias: torch.Size([16])
2026-03-17 09:31:35 [soyo.py]         down_pool.0.3.weight: torch.Size([16, 768])
2026-03-17 09:31:35 [soyo.py]         down_pool.0.3.bias: torch.Size([16])
2026-03-17 09:31:35 [soyo.py]         down_pool.0.4.weight: torch.Size([16, 768])
2026-03-17 09:31:35 [soyo.py]         down_pool.0.4.bias: torch.Size([16])
2026-03-17 09:31:35 [soyo.py]         down_pool.0.5.weight: torch.Size([16, 768])
2026-03-17 09:31:35 [soyo.py]         down_pool.0.5.bias: torch.Size([16])
2026-03-17 09:31:35 [soyo.py]         down_pool.0.6.weight: torch.Size([16, 768])
2026-03-17 09:31:35 [soyo.py]         down_pool.0.6.bias: torch.Size([16])
2026-03-17 09:31:35 [soyo.py]         down_pool.0.7.weight: torch.Size([16, 768])
2026-03-17 09:31:35 [soyo.py]         down_pool.0.7.bias: torch.Size([16])
2026-03-17 09:31:35 [soyo.py]         down_pool.0.8.weight: torch.Size([16, 768])
2026-03-17 09:31:35 [soyo.py]         down_pool.0.8.bias: torch.Size([16])
2026-03-17 09:31:35 [soyo.py]         down_pool.0.9.weight: torch.Size([16, 768])
2026-03-17 09:31:35 [soyo.py]         down_pool.0.9.bias: torch.Size([16])
2026-03-17 09:31:35 [soyo.py]         down_pool.0.10.weight: torch.Size([16, 768])
2026-03-17 09:31:35 [soyo.py]         down_pool.0.10.bias: torch.Size([16])
2026-03-17 09:31:35 [soyo.py]         down_pool.0.11.weight: torch.Size([16, 768])
2026-03-17 09:31:35 [soyo.py]         down_pool.0.11.bias: torch.Size([16])
2026-03-17 09:31:35 [soyo.py]         up_pool.0.0.weight: torch.Size([768, 16])
2026-03-17 09:31:35 [soyo.py]         up_pool.0.0.bias: torch.Size([768])
2026-03-17 09:31:35 [soyo.py]         up_pool.0.1.weight: torch.Size([768, 16])
2026-03-17 09:31:35 [soyo.py]         up_pool.0.1.bias: torch.Size([768])
2026-03-17 09:31:35 [soyo.py]         up_pool.0.2.weight: torch.Size([768, 16])
2026-03-17 09:31:35 [soyo.py]         up_pool.0.2.bias: torch.Size([768])
2026-03-17 09:31:35 [soyo.py]         up_pool.0.3.weight: torch.Size([768, 16])
2026-03-17 09:31:35 [soyo.py]         up_pool.0.3.bias: torch.Size([768])
2026-03-17 09:31:35 [soyo.py]         up_pool.0.4.weight: torch.Size([768, 16])
2026-03-17 09:31:35 [soyo.py]         up_pool.0.4.bias: torch.Size([768])
2026-03-17 09:31:35 [soyo.py]         up_pool.0.5.weight: torch.Size([768, 16])
2026-03-17 09:31:35 [soyo.py]         up_pool.0.5.bias: torch.Size([768])
2026-03-17 09:31:35 [soyo.py]         up_pool.0.6.weight: torch.Size([768, 16])
2026-03-17 09:31:35 [soyo.py]         up_pool.0.6.bias: torch.Size([768])
2026-03-17 09:31:35 [soyo.py]         up_pool.0.7.weight: torch.Size([768, 16])
2026-03-17 09:31:35 [soyo.py]         up_pool.0.7.bias: torch.Size([768])
2026-03-17 09:31:35 [soyo.py]         up_pool.0.8.weight: torch.Size([768, 16])
2026-03-17 09:31:35 [soyo.py]         up_pool.0.8.bias: torch.Size([768])
2026-03-17 09:31:35 [soyo.py]         up_pool.0.9.weight: torch.Size([768, 16])
2026-03-17 09:31:35 [soyo.py]         up_pool.0.9.bias: torch.Size([768])
2026-03-17 09:31:35 [soyo.py]         up_pool.0.10.weight: torch.Size([768, 16])
2026-03-17 09:31:35 [soyo.py]         up_pool.0.10.bias: torch.Size([768])
2026-03-17 09:31:35 [soyo.py]         up_pool.0.11.weight: torch.Size([768, 16])
2026-03-17 09:31:35 [soyo.py]         up_pool.0.11.bias: torch.Size([768])
2026-03-17 09:32:20 [soyo.py] Task 0, Epoch [1/30] lr 0.00997 Loss 52.769, Train_accy 32.46, Test_accy 47.92
2026-03-17 09:33:05 [soyo.py] Task 0, Epoch [2/30] lr 0.00989 Loss 15.100, Train_accy 35.19, Test_accy 47.92
2026-03-17 09:33:49 [soyo.py] Task 0, Epoch [3/30] lr 0.00976 Loss 1.598, Train_accy 43.54, Test_accy 47.92
2026-03-17 09:34:34 [soyo.py] Task 0, Epoch [4/30] lr 0.00957 Loss 1.415, Train_accy 43.45, Test_accy 47.92
2026-03-17 09:35:19 [soyo.py] Task 0, Epoch [5/30] lr 0.00933 Loss 1.338, Train_accy 44.34, Test_accy 47.92
2026-03-17 09:36:04 [soyo.py] Task 0, Epoch [6/30] lr 0.00905 Loss 1.347, Train_accy 44.67, Test_accy 47.92
2026-03-17 09:36:49 [soyo.py] Task 0, Epoch [7/30] lr 0.00872 Loss 1.322, Train_accy 46.54, Test_accy 47.92
2026-03-17 09:37:34 [soyo.py] Task 0, Epoch [8/30] lr 0.00835 Loss 1.322, Train_accy 46.98, Test_accy 47.92
2026-03-17 09:39:26 [trainer.py] Run Name: soyo_vit_deforest_dil
2026-03-17 09:39:26 [trainer.py] config: configs/deforest_dil_soyo_vit.yaml
2026-03-17 09:39:26 [trainer.py] device: [device(type='cuda', index=0)]
2026-03-17 09:39:26 [trainer.py] dataset: deforest_dil
2026-03-17 09:39:26 [trainer.py] data_path: /home/rizal/rizal_projects/DeforestDIL/datasets/deforest_dil
2026-03-17 09:39:26 [trainer.py] log_path: output
2026-03-17 09:39:26 [trainer.py] init_cls: 6
2026-03-17 09:39:26 [trainer.py] increment: 6
2026-03-17 09:39:26 [trainer.py] total_sessions: 5
2026-03-17 09:39:26 [trainer.py] order: 1
2026-03-17 09:39:26 [trainer.py] model_name: soyo
2026-03-17 09:39:26 [trainer.py] net_type: soyo_vit
2026-03-17 09:39:26 [trainer.py] image_dim: 768
2026-03-17 09:39:26 [trainer.py] prompt_length: 10
2026-03-17 09:39:26 [trainer.py] hidden_dim: 16
2026-03-17 09:39:26 [trainer.py] soyo_dim: 768
2026-03-17 09:39:26 [trainer.py] soyo_epoch: 30
2026-03-17 09:39:26 [trainer.py] soyo_lr: 0.1
2026-03-17 09:39:26 [trainer.py] soyo_weight_decay: 0.0002
2026-03-17 09:39:26 [trainer.py] init_epoch: 30
2026-03-17 09:39:26 [trainer.py] init_lr: 0.01
2026-03-17 09:39:26 [trainer.py] init_lr_decay: 0.1
2026-03-17 09:39:26 [trainer.py] init_weight_decay: 0.0002
2026-03-17 09:39:26 [trainer.py] epochs: 30
2026-03-17 09:39:26 [trainer.py] lr: 0.01
2026-03-17 09:39:26 [trainer.py] lr_decay: 0.1
2026-03-17 09:39:26 [trainer.py] weight_decay: 0.0002
2026-03-17 09:39:26 [trainer.py] batch_size: 128
2026-03-17 09:39:26 [trainer.py] seed: 0
2026-03-17 09:39:26 [trainer.py] num_workers: 16
2026-03-17 09:39:26 [trainer.py] memory_size: 0
2026-03-17 09:39:26 [trainer.py] memory_per_class: 0
2026-03-17 09:39:26 [trainer.py] fixed_memory: True
2026-03-17 09:39:26 [trainer.py] shuffle: False
2026-03-17 09:39:26 [trainer.py] EPSILON: 1e-08
2026-03-17 09:39:26 [soyo.py] 
2026-03-17 09:39:26 [soyo.py] ==> Training task 0, Learning on 0-6
2026-03-17 09:39:26 [soyo.py]     len(train_dataset): 13624
2026-03-17 09:39:26 [soyo.py]     len(test_dataset): 3406
2026-03-17 09:39:27 [soyo.py] ==> Checking the parameter
2026-03-17 09:39:27 [soyo.py]     Total parameters: 92909254
2026-03-17 09:39:27 [soyo.py]     Trainable parameters: 316614
2026-03-17 09:39:27 [soyo.py]     Blocks:
2026-03-17 09:39:27 [soyo.py]         image_encoder: 91326184
2026-03-17 09:39:27 [soyo.py]         classifier: 23070
2026-03-17 09:39:27 [soyo.py]         prompt_pool: 38400
2026-03-17 09:39:27 [soyo.py]         down_pool: 738240
2026-03-17 09:39:27 [soyo.py]         up_pool: 783360
2026-03-17 09:39:27 [soyo.py]     Training:
2026-03-17 09:39:27 [soyo.py]         classifier.0.weight: torch.Size([6, 768])
2026-03-17 09:39:27 [soyo.py]         classifier.0.bias: torch.Size([6])
2026-03-17 09:39:27 [soyo.py]         prompt_pool.0.weight: torch.Size([10, 768])
2026-03-17 09:39:27 [soyo.py]         down_pool.0.0.weight: torch.Size([16, 768])
2026-03-17 09:39:27 [soyo.py]         down_pool.0.0.bias: torch.Size([16])
2026-03-17 09:39:27 [soyo.py]         down_pool.0.1.weight: torch.Size([16, 768])
2026-03-17 09:39:27 [soyo.py]         down_pool.0.1.bias: torch.Size([16])
2026-03-17 09:39:27 [soyo.py]         down_pool.0.2.weight: torch.Size([16, 768])
2026-03-17 09:39:27 [soyo.py]         down_pool.0.2.bias: torch.Size([16])
2026-03-17 09:39:27 [soyo.py]         down_pool.0.3.weight: torch.Size([16, 768])
2026-03-17 09:39:27 [soyo.py]         down_pool.0.3.bias: torch.Size([16])
2026-03-17 09:39:27 [soyo.py]         down_pool.0.4.weight: torch.Size([16, 768])
2026-03-17 09:39:27 [soyo.py]         down_pool.0.4.bias: torch.Size([16])
2026-03-17 09:39:27 [soyo.py]         down_pool.0.5.weight: torch.Size([16, 768])
2026-03-17 09:39:27 [soyo.py]         down_pool.0.5.bias: torch.Size([16])
2026-03-17 09:39:27 [soyo.py]         down_pool.0.6.weight: torch.Size([16, 768])
2026-03-17 09:39:27 [soyo.py]         down_pool.0.6.bias: torch.Size([16])
2026-03-17 09:39:27 [soyo.py]         down_pool.0.7.weight: torch.Size([16, 768])
2026-03-17 09:39:27 [soyo.py]         down_pool.0.7.bias: torch.Size([16])
2026-03-17 09:39:27 [soyo.py]         down_pool.0.8.weight: torch.Size([16, 768])
2026-03-17 09:39:27 [soyo.py]         down_pool.0.8.bias: torch.Size([16])
2026-03-17 09:39:27 [soyo.py]         down_pool.0.9.weight: torch.Size([16, 768])
2026-03-17 09:39:27 [soyo.py]         down_pool.0.9.bias: torch.Size([16])
2026-03-17 09:39:27 [soyo.py]         down_pool.0.10.weight: torch.Size([16, 768])
2026-03-17 09:39:27 [soyo.py]         down_pool.0.10.bias: torch.Size([16])
2026-03-17 09:39:27 [soyo.py]         down_pool.0.11.weight: torch.Size([16, 768])
2026-03-17 09:39:27 [soyo.py]         down_pool.0.11.bias: torch.Size([16])
2026-03-17 09:39:27 [soyo.py]         up_pool.0.0.weight: torch.Size([768, 16])
2026-03-17 09:39:27 [soyo.py]         up_pool.0.0.bias: torch.Size([768])
2026-03-17 09:39:27 [soyo.py]         up_pool.0.1.weight: torch.Size([768, 16])
2026-03-17 09:39:27 [soyo.py]         up_pool.0.1.bias: torch.Size([768])
2026-03-17 09:39:27 [soyo.py]         up_pool.0.2.weight: torch.Size([768, 16])
2026-03-17 09:39:27 [soyo.py]         up_pool.0.2.bias: torch.Size([768])
2026-03-17 09:39:27 [soyo.py]         up_pool.0.3.weight: torch.Size([768, 16])
2026-03-17 09:39:27 [soyo.py]         up_pool.0.3.bias: torch.Size([768])
2026-03-17 09:39:27 [soyo.py]         up_pool.0.4.weight: torch.Size([768, 16])
2026-03-17 09:39:27 [soyo.py]         up_pool.0.4.bias: torch.Size([768])
2026-03-17 09:39:27 [soyo.py]         up_pool.0.5.weight: torch.Size([768, 16])
2026-03-17 09:39:27 [soyo.py]         up_pool.0.5.bias: torch.Size([768])
2026-03-17 09:39:27 [soyo.py]         up_pool.0.6.weight: torch.Size([768, 16])
2026-03-17 09:39:27 [soyo.py]         up_pool.0.6.bias: torch.Size([768])
2026-03-17 09:39:27 [soyo.py]         up_pool.0.7.weight: torch.Size([768, 16])
2026-03-17 09:39:27 [soyo.py]         up_pool.0.7.bias: torch.Size([768])
2026-03-17 09:39:27 [soyo.py]         up_pool.0.8.weight: torch.Size([768, 16])
2026-03-17 09:39:27 [soyo.py]         up_pool.0.8.bias: torch.Size([768])
2026-03-17 09:39:27 [soyo.py]         up_pool.0.9.weight: torch.Size([768, 16])
2026-03-17 09:39:27 [soyo.py]         up_pool.0.9.bias: torch.Size([768])
2026-03-17 09:39:27 [soyo.py]         up_pool.0.10.weight: torch.Size([768, 16])
2026-03-17 09:39:27 [soyo.py]         up_pool.0.10.bias: torch.Size([768])
2026-03-17 09:39:27 [soyo.py]         up_pool.0.11.weight: torch.Size([768, 16])
2026-03-17 09:39:27 [soyo.py]         up_pool.0.11.bias: torch.Size([768])
2026-03-17 09:40:12 [soyo.py] Task 0, Epoch [1/30] lr 0.00997 Loss 52.769, Train_accy 32.46, Test_accy 47.92
2026-03-17 09:40:57 [soyo.py] Task 0, Epoch [2/30] lr 0.00989 Loss 15.100, Train_accy 35.19, Test_accy 47.92
2026-03-17 09:41:41 [soyo.py] Task 0, Epoch [3/30] lr 0.00976 Loss 1.598, Train_accy 43.54, Test_accy 47.92
2026-03-17 09:42:27 [soyo.py] Task 0, Epoch [4/30] lr 0.00957 Loss 1.415, Train_accy 43.45, Test_accy 47.92
2026-03-17 09:43:11 [soyo.py] Task 0, Epoch [5/30] lr 0.00933 Loss 1.338, Train_accy 44.34, Test_accy 47.92
2026-03-17 09:43:57 [soyo.py] Task 0, Epoch [6/30] lr 0.00905 Loss 1.347, Train_accy 44.67, Test_accy 47.92
2026-03-17 09:44:42 [soyo.py] Task 0, Epoch [7/30] lr 0.00872 Loss 1.322, Train_accy 46.54, Test_accy 47.92
2026-03-17 09:45:27 [soyo.py] Task 0, Epoch [8/30] lr 0.00835 Loss 1.322, Train_accy 46.98, Test_accy 47.92
2026-03-17 09:46:12 [soyo.py] Task 0, Epoch [9/30] lr 0.00794 Loss 1.323, Train_accy 46.06, Test_accy 47.92
2026-03-17 09:46:56 [soyo.py] Task 0, Epoch [10/30] lr 0.00750 Loss 1.315, Train_accy 47.35, Test_accy 47.92
2026-03-17 09:56:37 [trainer.py] Run Name: soyo_vit_deforest_dil
2026-03-17 09:56:37 [trainer.py] config: configs/deforest_dil_soyo_vit.yaml
2026-03-17 09:56:37 [trainer.py] device: [device(type='cuda', index=0)]
2026-03-17 09:56:37 [trainer.py] dataset: deforest_dil
2026-03-17 09:56:37 [trainer.py] data_path: /home/rizal/rizal_projects/DeforestDIL/datasets/deforest_dil
2026-03-17 09:56:37 [trainer.py] log_path: output
2026-03-17 09:56:37 [trainer.py] init_cls: 6
2026-03-17 09:56:37 [trainer.py] increment: 6
2026-03-17 09:56:37 [trainer.py] total_sessions: 5
2026-03-17 09:56:37 [trainer.py] order: 1
2026-03-17 09:56:37 [trainer.py] model_name: soyo
2026-03-17 09:56:37 [trainer.py] net_type: soyo_vit
2026-03-17 09:56:37 [trainer.py] image_dim: 768
2026-03-17 09:56:37 [trainer.py] prompt_length: 10
2026-03-17 09:56:37 [trainer.py] hidden_dim: 16
2026-03-17 09:56:37 [trainer.py] soyo_dim: 768
2026-03-17 09:56:37 [trainer.py] soyo_epoch: 30
2026-03-17 09:56:37 [trainer.py] soyo_lr: 0.1
2026-03-17 09:56:37 [trainer.py] soyo_weight_decay: 0.0002
2026-03-17 09:56:37 [trainer.py] init_epoch: 30
2026-03-17 09:56:37 [trainer.py] init_lr: 0.01
2026-03-17 09:56:37 [trainer.py] init_lr_decay: 0.1
2026-03-17 09:56:37 [trainer.py] init_weight_decay: 0.0002
2026-03-17 09:56:37 [trainer.py] epochs: 30
2026-03-17 09:56:37 [trainer.py] lr: 0.01
2026-03-17 09:56:37 [trainer.py] lr_decay: 0.1
2026-03-17 09:56:37 [trainer.py] weight_decay: 0.0002
2026-03-17 09:56:37 [trainer.py] batch_size: 128
2026-03-17 09:56:37 [trainer.py] seed: 0
2026-03-17 09:56:37 [trainer.py] num_workers: 16
2026-03-17 09:56:37 [trainer.py] memory_size: 0
2026-03-17 09:56:37 [trainer.py] memory_per_class: 0
2026-03-17 09:56:37 [trainer.py] fixed_memory: True
2026-03-17 09:56:37 [trainer.py] shuffle: False
2026-03-17 09:56:37 [trainer.py] EPSILON: 1e-08
2026-03-17 09:56:38 [soyo.py] 
2026-03-17 09:56:38 [soyo.py] ==> Training task 0, Learning on 0-6
2026-03-17 09:56:38 [soyo.py]     len(train_dataset): 13624
2026-03-17 09:56:38 [soyo.py]     len(test_dataset): 3406
2026-03-17 09:56:38 [soyo.py] ==> Checking the parameter
2026-03-17 09:56:38 [soyo.py]     Total parameters: 92909254
2026-03-17 09:56:38 [soyo.py]     Trainable parameters: 316614
2026-03-17 09:56:38 [soyo.py]     Blocks:
2026-03-17 09:56:38 [soyo.py]         image_encoder: 91326184
2026-03-17 09:56:38 [soyo.py]         classifier: 23070
2026-03-17 09:56:38 [soyo.py]         prompt_pool: 38400
2026-03-17 09:56:38 [soyo.py]         down_pool: 738240
2026-03-17 09:56:38 [soyo.py]         up_pool: 783360
2026-03-17 09:56:38 [soyo.py]     Training:
2026-03-17 09:56:38 [soyo.py]         classifier.0.weight: torch.Size([6, 768])
2026-03-17 09:56:38 [soyo.py]         classifier.0.bias: torch.Size([6])
2026-03-17 09:56:38 [soyo.py]         prompt_pool.0.weight: torch.Size([10, 768])
2026-03-17 09:56:38 [soyo.py]         down_pool.0.0.weight: torch.Size([16, 768])
2026-03-17 09:56:38 [soyo.py]         down_pool.0.0.bias: torch.Size([16])
2026-03-17 09:56:38 [soyo.py]         down_pool.0.1.weight: torch.Size([16, 768])
2026-03-17 09:56:38 [soyo.py]         down_pool.0.1.bias: torch.Size([16])
2026-03-17 09:56:38 [soyo.py]         down_pool.0.2.weight: torch.Size([16, 768])
2026-03-17 09:56:38 [soyo.py]         down_pool.0.2.bias: torch.Size([16])
2026-03-17 09:56:38 [soyo.py]         down_pool.0.3.weight: torch.Size([16, 768])
2026-03-17 09:56:38 [soyo.py]         down_pool.0.3.bias: torch.Size([16])
2026-03-17 09:56:38 [soyo.py]         down_pool.0.4.weight: torch.Size([16, 768])
2026-03-17 09:56:38 [soyo.py]         down_pool.0.4.bias: torch.Size([16])
2026-03-17 09:56:38 [soyo.py]         down_pool.0.5.weight: torch.Size([16, 768])
2026-03-17 09:56:38 [soyo.py]         down_pool.0.5.bias: torch.Size([16])
2026-03-17 09:56:38 [soyo.py]         down_pool.0.6.weight: torch.Size([16, 768])
2026-03-17 09:56:38 [soyo.py]         down_pool.0.6.bias: torch.Size([16])
2026-03-17 09:56:38 [soyo.py]         down_pool.0.7.weight: torch.Size([16, 768])
2026-03-17 09:56:38 [soyo.py]         down_pool.0.7.bias: torch.Size([16])
2026-03-17 09:56:38 [soyo.py]         down_pool.0.8.weight: torch.Size([16, 768])
2026-03-17 09:56:38 [soyo.py]         down_pool.0.8.bias: torch.Size([16])
2026-03-17 09:56:38 [soyo.py]         down_pool.0.9.weight: torch.Size([16, 768])
2026-03-17 09:56:38 [soyo.py]         down_pool.0.9.bias: torch.Size([16])
2026-03-17 09:56:38 [soyo.py]         down_pool.0.10.weight: torch.Size([16, 768])
2026-03-17 09:56:38 [soyo.py]         down_pool.0.10.bias: torch.Size([16])
2026-03-17 09:56:38 [soyo.py]         down_pool.0.11.weight: torch.Size([16, 768])
2026-03-17 09:56:38 [soyo.py]         down_pool.0.11.bias: torch.Size([16])
2026-03-17 09:56:38 [soyo.py]         up_pool.0.0.weight: torch.Size([768, 16])
2026-03-17 09:56:38 [soyo.py]         up_pool.0.0.bias: torch.Size([768])
2026-03-17 09:56:38 [soyo.py]         up_pool.0.1.weight: torch.Size([768, 16])
2026-03-17 09:56:38 [soyo.py]         up_pool.0.1.bias: torch.Size([768])
2026-03-17 09:56:38 [soyo.py]         up_pool.0.2.weight: torch.Size([768, 16])
2026-03-17 09:56:38 [soyo.py]         up_pool.0.2.bias: torch.Size([768])
2026-03-17 09:56:38 [soyo.py]         up_pool.0.3.weight: torch.Size([768, 16])
2026-03-17 09:56:38 [soyo.py]         up_pool.0.3.bias: torch.Size([768])
2026-03-17 09:56:38 [soyo.py]         up_pool.0.4.weight: torch.Size([768, 16])
2026-03-17 09:56:38 [soyo.py]         up_pool.0.4.bias: torch.Size([768])
2026-03-17 09:56:38 [soyo.py]         up_pool.0.5.weight: torch.Size([768, 16])
2026-03-17 09:56:38 [soyo.py]         up_pool.0.5.bias: torch.Size([768])
2026-03-17 09:56:38 [soyo.py]         up_pool.0.6.weight: torch.Size([768, 16])
2026-03-17 09:56:38 [soyo.py]         up_pool.0.6.bias: torch.Size([768])
2026-03-17 09:56:38 [soyo.py]         up_pool.0.7.weight: torch.Size([768, 16])
2026-03-17 09:56:38 [soyo.py]         up_pool.0.7.bias: torch.Size([768])
2026-03-17 09:56:38 [soyo.py]         up_pool.0.8.weight: torch.Size([768, 16])
2026-03-17 09:56:38 [soyo.py]         up_pool.0.8.bias: torch.Size([768])
2026-03-17 09:56:38 [soyo.py]         up_pool.0.9.weight: torch.Size([768, 16])
2026-03-17 09:56:38 [soyo.py]         up_pool.0.9.bias: torch.Size([768])
2026-03-17 09:56:38 [soyo.py]         up_pool.0.10.weight: torch.Size([768, 16])
2026-03-17 09:56:38 [soyo.py]         up_pool.0.10.bias: torch.Size([768])
2026-03-17 09:56:38 [soyo.py]         up_pool.0.11.weight: torch.Size([768, 16])
2026-03-17 09:56:38 [soyo.py]         up_pool.0.11.bias: torch.Size([768])
2026-03-17 09:57:23 [soyo.py] Task 0, Epoch [1/30] lr 0.00997 Loss 52.769, Train_accy 32.46, Test_accy 47.92
2026-03-17 09:58:08 [soyo.py] Task 0, Epoch [2/30] lr 0.00989 Loss 15.100, Train_accy 35.19, Test_accy 47.92
2026-03-17 09:59:12 [trainer.py] Run Name: soyo_vit_deforest_dil
2026-03-17 09:59:12 [trainer.py] config: configs/deforest_dil_soyo_vit.yaml
2026-03-17 09:59:12 [trainer.py] device: [device(type='cuda', index=0)]
2026-03-17 09:59:12 [trainer.py] dataset: deforest_dil
2026-03-17 09:59:12 [trainer.py] data_path: /home/rizal/rizal_projects/DeforestDIL/datasets/deforest_dil
2026-03-17 09:59:12 [trainer.py] log_path: output
2026-03-17 09:59:12 [trainer.py] init_cls: 6
2026-03-17 09:59:12 [trainer.py] increment: 6
2026-03-17 09:59:12 [trainer.py] total_sessions: 5
2026-03-17 09:59:12 [trainer.py] order: 1
2026-03-17 09:59:12 [trainer.py] model_name: soyo
2026-03-17 09:59:12 [trainer.py] net_type: soyo_vit
2026-03-17 09:59:12 [trainer.py] image_dim: 768
2026-03-17 09:59:12 [trainer.py] prompt_length: 10
2026-03-17 09:59:12 [trainer.py] hidden_dim: 16
2026-03-17 09:59:12 [trainer.py] soyo_dim: 768
2026-03-17 09:59:12 [trainer.py] soyo_epoch: 30
2026-03-17 09:59:12 [trainer.py] soyo_lr: 0.1
2026-03-17 09:59:12 [trainer.py] soyo_weight_decay: 0.0002
2026-03-17 09:59:12 [trainer.py] init_epoch: 30
2026-03-17 09:59:12 [trainer.py] init_lr: 0.01
2026-03-17 09:59:12 [trainer.py] init_lr_decay: 0.1
2026-03-17 09:59:12 [trainer.py] init_weight_decay: 0.0002
2026-03-17 09:59:12 [trainer.py] epochs: 30
2026-03-17 09:59:12 [trainer.py] lr: 0.01
2026-03-17 09:59:12 [trainer.py] lr_decay: 0.1
2026-03-17 09:59:12 [trainer.py] weight_decay: 0.0002
2026-03-17 09:59:12 [trainer.py] batch_size: 128
2026-03-17 09:59:12 [trainer.py] seed: 0
2026-03-17 09:59:12 [trainer.py] num_workers: 16
2026-03-17 09:59:12 [trainer.py] memory_size: 0
2026-03-17 09:59:12 [trainer.py] memory_per_class: 0
2026-03-17 09:59:12 [trainer.py] fixed_memory: True
2026-03-17 09:59:12 [trainer.py] shuffle: False
2026-03-17 09:59:12 [trainer.py] EPSILON: 1e-08
2026-03-17 09:59:13 [soyo.py] 
2026-03-17 09:59:13 [soyo.py] ==> Training task 0, Learning on 0-6
2026-03-17 09:59:13 [soyo.py]     len(train_dataset): 13624
2026-03-17 09:59:13 [soyo.py]     len(test_dataset): 3406
2026-03-17 09:59:13 [soyo.py] ==> Checking the parameter
2026-03-17 09:59:13 [soyo.py]     Total parameters: 92909254
2026-03-17 09:59:13 [soyo.py]     Trainable parameters: 316614
2026-03-17 09:59:13 [soyo.py]     Blocks:
2026-03-17 09:59:13 [soyo.py]         image_encoder: 91326184
2026-03-17 09:59:13 [soyo.py]         classifier: 23070
2026-03-17 09:59:13 [soyo.py]         prompt_pool: 38400
2026-03-17 09:59:13 [soyo.py]         down_pool: 738240
2026-03-17 09:59:13 [soyo.py]         up_pool: 783360
2026-03-17 09:59:13 [soyo.py]     Training:
2026-03-17 09:59:13 [soyo.py]         classifier.0.weight: torch.Size([6, 768])
2026-03-17 09:59:13 [soyo.py]         classifier.0.bias: torch.Size([6])
2026-03-17 09:59:13 [soyo.py]         prompt_pool.0.weight: torch.Size([10, 768])
2026-03-17 09:59:13 [soyo.py]         down_pool.0.0.weight: torch.Size([16, 768])
2026-03-17 09:59:13 [soyo.py]         down_pool.0.0.bias: torch.Size([16])
2026-03-17 09:59:13 [soyo.py]         down_pool.0.1.weight: torch.Size([16, 768])
2026-03-17 09:59:13 [soyo.py]         down_pool.0.1.bias: torch.Size([16])
2026-03-17 09:59:13 [soyo.py]         down_pool.0.2.weight: torch.Size([16, 768])
2026-03-17 09:59:13 [soyo.py]         down_pool.0.2.bias: torch.Size([16])
2026-03-17 09:59:13 [soyo.py]         down_pool.0.3.weight: torch.Size([16, 768])
2026-03-17 09:59:13 [soyo.py]         down_pool.0.3.bias: torch.Size([16])
2026-03-17 09:59:13 [soyo.py]         down_pool.0.4.weight: torch.Size([16, 768])
2026-03-17 09:59:13 [soyo.py]         down_pool.0.4.bias: torch.Size([16])
2026-03-17 09:59:13 [soyo.py]         down_pool.0.5.weight: torch.Size([16, 768])
2026-03-17 09:59:13 [soyo.py]         down_pool.0.5.bias: torch.Size([16])
2026-03-17 09:59:13 [soyo.py]         down_pool.0.6.weight: torch.Size([16, 768])
2026-03-17 09:59:13 [soyo.py]         down_pool.0.6.bias: torch.Size([16])
2026-03-17 09:59:13 [soyo.py]         down_pool.0.7.weight: torch.Size([16, 768])
2026-03-17 09:59:13 [soyo.py]         down_pool.0.7.bias: torch.Size([16])
2026-03-17 09:59:13 [soyo.py]         down_pool.0.8.weight: torch.Size([16, 768])
2026-03-17 09:59:13 [soyo.py]         down_pool.0.8.bias: torch.Size([16])
2026-03-17 09:59:13 [soyo.py]         down_pool.0.9.weight: torch.Size([16, 768])
2026-03-17 09:59:13 [soyo.py]         down_pool.0.9.bias: torch.Size([16])
2026-03-17 09:59:13 [soyo.py]         down_pool.0.10.weight: torch.Size([16, 768])
2026-03-17 09:59:13 [soyo.py]         down_pool.0.10.bias: torch.Size([16])
2026-03-17 09:59:13 [soyo.py]         down_pool.0.11.weight: torch.Size([16, 768])
2026-03-17 09:59:13 [soyo.py]         down_pool.0.11.bias: torch.Size([16])
2026-03-17 09:59:13 [soyo.py]         up_pool.0.0.weight: torch.Size([768, 16])
2026-03-17 09:59:13 [soyo.py]         up_pool.0.0.bias: torch.Size([768])
2026-03-17 09:59:13 [soyo.py]         up_pool.0.1.weight: torch.Size([768, 16])
2026-03-17 09:59:13 [soyo.py]         up_pool.0.1.bias: torch.Size([768])
2026-03-17 09:59:13 [soyo.py]         up_pool.0.2.weight: torch.Size([768, 16])
2026-03-17 09:59:13 [soyo.py]         up_pool.0.2.bias: torch.Size([768])
2026-03-17 09:59:13 [soyo.py]         up_pool.0.3.weight: torch.Size([768, 16])
2026-03-17 09:59:13 [soyo.py]         up_pool.0.3.bias: torch.Size([768])
2026-03-17 09:59:13 [soyo.py]         up_pool.0.4.weight: torch.Size([768, 16])
2026-03-17 09:59:13 [soyo.py]         up_pool.0.4.bias: torch.Size([768])
2026-03-17 09:59:13 [soyo.py]         up_pool.0.5.weight: torch.Size([768, 16])
2026-03-17 09:59:13 [soyo.py]         up_pool.0.5.bias: torch.Size([768])
2026-03-17 09:59:13 [soyo.py]         up_pool.0.6.weight: torch.Size([768, 16])
2026-03-17 09:59:13 [soyo.py]         up_pool.0.6.bias: torch.Size([768])
2026-03-17 09:59:13 [soyo.py]         up_pool.0.7.weight: torch.Size([768, 16])
2026-03-17 09:59:13 [soyo.py]         up_pool.0.7.bias: torch.Size([768])
2026-03-17 09:59:13 [soyo.py]         up_pool.0.8.weight: torch.Size([768, 16])
2026-03-17 09:59:13 [soyo.py]         up_pool.0.8.bias: torch.Size([768])
2026-03-17 09:59:13 [soyo.py]         up_pool.0.9.weight: torch.Size([768, 16])
2026-03-17 09:59:13 [soyo.py]         up_pool.0.9.bias: torch.Size([768])
2026-03-17 09:59:13 [soyo.py]         up_pool.0.10.weight: torch.Size([768, 16])
2026-03-17 09:59:13 [soyo.py]         up_pool.0.10.bias: torch.Size([768])
2026-03-17 09:59:13 [soyo.py]         up_pool.0.11.weight: torch.Size([768, 16])
2026-03-17 09:59:13 [soyo.py]         up_pool.0.11.bias: torch.Size([768])
2026-03-17 09:59:59 [soyo.py] Task 0, Epoch [1/30] lr 0.00997 Loss 52.769, Train_accy 32.46, Test_accy 47.92
2026-03-17 10:00:44 [soyo.py] Task 0, Epoch [2/30] lr 0.00989 Loss 15.100, Train_accy 35.19, Test_accy 47.92
2026-03-17 10:01:08 [trainer.py] Run Name: soyo_vit_deforest_dil
2026-03-17 10:01:08 [trainer.py] config: configs/deforest_dil_soyo_vit.yaml
2026-03-17 10:01:08 [trainer.py] device: [device(type='cuda', index=0)]
2026-03-17 10:01:08 [trainer.py] dataset: deforest_dil
2026-03-17 10:01:08 [trainer.py] data_path: /home/rizal/rizal_projects/DeforestDIL/datasets/deforest_dil
2026-03-17 10:01:08 [trainer.py] log_path: output
2026-03-17 10:01:08 [trainer.py] init_cls: 6
2026-03-17 10:01:08 [trainer.py] increment: 6
2026-03-17 10:01:08 [trainer.py] total_sessions: 5
2026-03-17 10:01:08 [trainer.py] order: 1
2026-03-17 10:01:08 [trainer.py] model_name: soyo
2026-03-17 10:01:08 [trainer.py] net_type: soyo_vit
2026-03-17 10:01:08 [trainer.py] image_dim: 768
2026-03-17 10:01:08 [trainer.py] prompt_length: 10
2026-03-17 10:01:08 [trainer.py] hidden_dim: 16
2026-03-17 10:01:08 [trainer.py] soyo_dim: 768
2026-03-17 10:01:08 [trainer.py] soyo_epoch: 30
2026-03-17 10:01:08 [trainer.py] soyo_lr: 0.1
2026-03-17 10:01:08 [trainer.py] soyo_weight_decay: 0.0002
2026-03-17 10:01:08 [trainer.py] init_epoch: 30
2026-03-17 10:01:08 [trainer.py] init_lr: 0.01
2026-03-17 10:01:08 [trainer.py] init_lr_decay: 0.1
2026-03-17 10:01:08 [trainer.py] init_weight_decay: 0.0002
2026-03-17 10:01:08 [trainer.py] epochs: 30
2026-03-17 10:01:08 [trainer.py] lr: 0.01
2026-03-17 10:01:08 [trainer.py] lr_decay: 0.1
2026-03-17 10:01:08 [trainer.py] weight_decay: 0.0002
2026-03-17 10:01:08 [trainer.py] batch_size: 128
2026-03-17 10:01:08 [trainer.py] seed: 0
2026-03-17 10:01:08 [trainer.py] num_workers: 16
2026-03-17 10:01:08 [trainer.py] memory_size: 0
2026-03-17 10:01:08 [trainer.py] memory_per_class: 0
2026-03-17 10:01:08 [trainer.py] fixed_memory: True
2026-03-17 10:01:08 [trainer.py] shuffle: False
2026-03-17 10:01:08 [trainer.py] EPSILON: 1e-08
2026-03-17 10:01:09 [soyo.py] 
2026-03-17 10:01:09 [soyo.py] ==> Training task 0, Learning on 0-6
2026-03-17 10:01:09 [soyo.py]     len(train_dataset): 13624
2026-03-17 10:01:09 [soyo.py]     len(test_dataset): 3406
2026-03-17 10:01:09 [soyo.py] ==> Checking the parameter
2026-03-17 10:01:09 [soyo.py]     Total parameters: 92909254
2026-03-17 10:01:09 [soyo.py]     Trainable parameters: 316614
2026-03-17 10:01:09 [soyo.py]     Blocks:
2026-03-17 10:01:09 [soyo.py]         image_encoder: 91326184
2026-03-17 10:01:09 [soyo.py]         classifier: 23070
2026-03-17 10:01:09 [soyo.py]         prompt_pool: 38400
2026-03-17 10:01:09 [soyo.py]         down_pool: 738240
2026-03-17 10:01:09 [soyo.py]         up_pool: 783360
2026-03-17 10:01:09 [soyo.py]     Training:
2026-03-17 10:01:09 [soyo.py]         classifier.0.weight: torch.Size([6, 768])
2026-03-17 10:01:09 [soyo.py]         classifier.0.bias: torch.Size([6])
2026-03-17 10:01:09 [soyo.py]         prompt_pool.0.weight: torch.Size([10, 768])
2026-03-17 10:01:09 [soyo.py]         down_pool.0.0.weight: torch.Size([16, 768])
2026-03-17 10:01:09 [soyo.py]         down_pool.0.0.bias: torch.Size([16])
2026-03-17 10:01:09 [soyo.py]         down_pool.0.1.weight: torch.Size([16, 768])
2026-03-17 10:01:09 [soyo.py]         down_pool.0.1.bias: torch.Size([16])
2026-03-17 10:01:09 [soyo.py]         down_pool.0.2.weight: torch.Size([16, 768])
2026-03-17 10:01:09 [soyo.py]         down_pool.0.2.bias: torch.Size([16])
2026-03-17 10:01:09 [soyo.py]         down_pool.0.3.weight: torch.Size([16, 768])
2026-03-17 10:01:09 [soyo.py]         down_pool.0.3.bias: torch.Size([16])
2026-03-17 10:01:09 [soyo.py]         down_pool.0.4.weight: torch.Size([16, 768])
2026-03-17 10:01:09 [soyo.py]         down_pool.0.4.bias: torch.Size([16])
2026-03-17 10:01:09 [soyo.py]         down_pool.0.5.weight: torch.Size([16, 768])
2026-03-17 10:01:09 [soyo.py]         down_pool.0.5.bias: torch.Size([16])
2026-03-17 10:01:09 [soyo.py]         down_pool.0.6.weight: torch.Size([16, 768])
2026-03-17 10:01:09 [soyo.py]         down_pool.0.6.bias: torch.Size([16])
2026-03-17 10:01:09 [soyo.py]         down_pool.0.7.weight: torch.Size([16, 768])
2026-03-17 10:01:09 [soyo.py]         down_pool.0.7.bias: torch.Size([16])
2026-03-17 10:01:09 [soyo.py]         down_pool.0.8.weight: torch.Size([16, 768])
2026-03-17 10:01:09 [soyo.py]         down_pool.0.8.bias: torch.Size([16])
2026-03-17 10:01:09 [soyo.py]         down_pool.0.9.weight: torch.Size([16, 768])
2026-03-17 10:01:09 [soyo.py]         down_pool.0.9.bias: torch.Size([16])
2026-03-17 10:01:09 [soyo.py]         down_pool.0.10.weight: torch.Size([16, 768])
2026-03-17 10:01:09 [soyo.py]         down_pool.0.10.bias: torch.Size([16])
2026-03-17 10:01:09 [soyo.py]         down_pool.0.11.weight: torch.Size([16, 768])
2026-03-17 10:01:09 [soyo.py]         down_pool.0.11.bias: torch.Size([16])
2026-03-17 10:01:09 [soyo.py]         up_pool.0.0.weight: torch.Size([768, 16])
2026-03-17 10:01:09 [soyo.py]         up_pool.0.0.bias: torch.Size([768])
2026-03-17 10:01:09 [soyo.py]         up_pool.0.1.weight: torch.Size([768, 16])
2026-03-17 10:01:09 [soyo.py]         up_pool.0.1.bias: torch.Size([768])
2026-03-17 10:01:09 [soyo.py]         up_pool.0.2.weight: torch.Size([768, 16])
2026-03-17 10:01:09 [soyo.py]         up_pool.0.2.bias: torch.Size([768])
2026-03-17 10:01:09 [soyo.py]         up_pool.0.3.weight: torch.Size([768, 16])
2026-03-17 10:01:09 [soyo.py]         up_pool.0.3.bias: torch.Size([768])
2026-03-17 10:01:09 [soyo.py]         up_pool.0.4.weight: torch.Size([768, 16])
2026-03-17 10:01:09 [soyo.py]         up_pool.0.4.bias: torch.Size([768])
2026-03-17 10:01:09 [soyo.py]         up_pool.0.5.weight: torch.Size([768, 16])
2026-03-17 10:01:09 [soyo.py]         up_pool.0.5.bias: torch.Size([768])
2026-03-17 10:01:09 [soyo.py]         up_pool.0.6.weight: torch.Size([768, 16])
2026-03-17 10:01:09 [soyo.py]         up_pool.0.6.bias: torch.Size([768])
2026-03-17 10:01:09 [soyo.py]         up_pool.0.7.weight: torch.Size([768, 16])
2026-03-17 10:01:09 [soyo.py]         up_pool.0.7.bias: torch.Size([768])
2026-03-17 10:01:09 [soyo.py]         up_pool.0.8.weight: torch.Size([768, 16])
2026-03-17 10:01:09 [soyo.py]         up_pool.0.8.bias: torch.Size([768])
2026-03-17 10:01:09 [soyo.py]         up_pool.0.9.weight: torch.Size([768, 16])
2026-03-17 10:01:09 [soyo.py]         up_pool.0.9.bias: torch.Size([768])
2026-03-17 10:01:09 [soyo.py]         up_pool.0.10.weight: torch.Size([768, 16])
2026-03-17 10:01:09 [soyo.py]         up_pool.0.10.bias: torch.Size([768])
2026-03-17 10:01:09 [soyo.py]         up_pool.0.11.weight: torch.Size([768, 16])
2026-03-17 10:01:09 [soyo.py]         up_pool.0.11.bias: torch.Size([768])
2026-03-17 10:01:54 [soyo.py] Task 0, Epoch [1/30] lr 0.00997 Loss 52.769, Train_accy 32.46, Test_accy 47.92
2026-03-17 10:02:40 [soyo.py] Task 0, Epoch [2/30] lr 0.00989 Loss 15.100, Train_accy 35.19, Test_accy 47.92
2026-03-17 10:03:24 [soyo.py] Task 0, Epoch [3/30] lr 0.00976 Loss 1.598, Train_accy 43.54, Test_accy 47.92
2026-03-17 10:04:10 [soyo.py] Task 0, Epoch [4/30] lr 0.00957 Loss 1.415, Train_accy 43.45, Test_accy 47.92
2026-03-17 10:04:35 [trainer.py] Run Name: soyo_vit_deforest_dil
2026-03-17 10:04:35 [trainer.py] config: configs/deforest_dil_soyo_vit.yaml
2026-03-17 10:04:35 [trainer.py] device: [device(type='cuda', index=0)]
2026-03-17 10:04:35 [trainer.py] dataset: deforest_dil
2026-03-17 10:04:35 [trainer.py] data_path: /home/rizal/rizal_projects/DeforestDIL/datasets/deforest_dil
2026-03-17 10:04:35 [trainer.py] log_path: output
2026-03-17 10:04:35 [trainer.py] init_cls: 6
2026-03-17 10:04:35 [trainer.py] increment: 6
2026-03-17 10:04:35 [trainer.py] total_sessions: 5
2026-03-17 10:04:35 [trainer.py] order: 1
2026-03-17 10:04:35 [trainer.py] model_name: soyo
2026-03-17 10:04:35 [trainer.py] net_type: soyo_vit
2026-03-17 10:04:35 [trainer.py] image_dim: 768
2026-03-17 10:04:35 [trainer.py] prompt_length: 10
2026-03-17 10:04:35 [trainer.py] hidden_dim: 16
2026-03-17 10:04:35 [trainer.py] soyo_dim: 768
2026-03-17 10:04:35 [trainer.py] soyo_epoch: 30
2026-03-17 10:04:35 [trainer.py] soyo_lr: 0.1
2026-03-17 10:04:35 [trainer.py] soyo_weight_decay: 0.0002
2026-03-17 10:04:35 [trainer.py] init_epoch: 30
2026-03-17 10:04:35 [trainer.py] init_lr: 0.01
2026-03-17 10:04:35 [trainer.py] init_lr_decay: 0.1
2026-03-17 10:04:35 [trainer.py] init_weight_decay: 0.0002
2026-03-17 10:04:35 [trainer.py] epochs: 30
2026-03-17 10:04:35 [trainer.py] lr: 0.01
2026-03-17 10:04:35 [trainer.py] lr_decay: 0.1
2026-03-17 10:04:35 [trainer.py] weight_decay: 0.0002
2026-03-17 10:04:35 [trainer.py] batch_size: 128
2026-03-17 10:04:35 [trainer.py] seed: 0
2026-03-17 10:04:35 [trainer.py] num_workers: 16
2026-03-17 10:04:35 [trainer.py] memory_size: 0
2026-03-17 10:04:35 [trainer.py] memory_per_class: 0
2026-03-17 10:04:35 [trainer.py] fixed_memory: True
2026-03-17 10:04:35 [trainer.py] shuffle: False
2026-03-17 10:04:35 [trainer.py] EPSILON: 1e-08
2026-03-17 10:04:35 [soyo.py] 
2026-03-17 10:04:35 [soyo.py] ==> Training task 0, Learning on 0-6
2026-03-17 10:04:35 [soyo.py]     len(train_dataset): 13624
2026-03-17 10:04:35 [soyo.py]     len(test_dataset): 3406
2026-03-17 10:04:35 [soyo.py] ==> Checking the parameter
2026-03-17 10:04:35 [soyo.py]     Total parameters: 92909254
2026-03-17 10:04:35 [soyo.py]     Trainable parameters: 316614
2026-03-17 10:04:35 [soyo.py]     Blocks:
2026-03-17 10:04:35 [soyo.py]         image_encoder: 91326184
2026-03-17 10:04:35 [soyo.py]         classifier: 23070
2026-03-17 10:04:35 [soyo.py]         prompt_pool: 38400
2026-03-17 10:04:35 [soyo.py]         down_pool: 738240
2026-03-17 10:04:35 [soyo.py]         up_pool: 783360
2026-03-17 10:04:35 [soyo.py]     Training:
2026-03-17 10:04:35 [soyo.py]         classifier.0.weight: torch.Size([6, 768])
2026-03-17 10:04:35 [soyo.py]         classifier.0.bias: torch.Size([6])
2026-03-17 10:04:35 [soyo.py]         prompt_pool.0.weight: torch.Size([10, 768])
2026-03-17 10:04:35 [soyo.py]         down_pool.0.0.weight: torch.Size([16, 768])
2026-03-17 10:04:35 [soyo.py]         down_pool.0.0.bias: torch.Size([16])
2026-03-17 10:04:35 [soyo.py]         down_pool.0.1.weight: torch.Size([16, 768])
2026-03-17 10:04:35 [soyo.py]         down_pool.0.1.bias: torch.Size([16])
2026-03-17 10:04:35 [soyo.py]         down_pool.0.2.weight: torch.Size([16, 768])
2026-03-17 10:04:35 [soyo.py]         down_pool.0.2.bias: torch.Size([16])
2026-03-17 10:04:35 [soyo.py]         down_pool.0.3.weight: torch.Size([16, 768])
2026-03-17 10:04:35 [soyo.py]         down_pool.0.3.bias: torch.Size([16])
2026-03-17 10:04:35 [soyo.py]         down_pool.0.4.weight: torch.Size([16, 768])
2026-03-17 10:04:35 [soyo.py]         down_pool.0.4.bias: torch.Size([16])
2026-03-17 10:04:35 [soyo.py]         down_pool.0.5.weight: torch.Size([16, 768])
2026-03-17 10:04:35 [soyo.py]         down_pool.0.5.bias: torch.Size([16])
2026-03-17 10:04:35 [soyo.py]         down_pool.0.6.weight: torch.Size([16, 768])
2026-03-17 10:04:35 [soyo.py]         down_pool.0.6.bias: torch.Size([16])
2026-03-17 10:04:35 [soyo.py]         down_pool.0.7.weight: torch.Size([16, 768])
2026-03-17 10:04:35 [soyo.py]         down_pool.0.7.bias: torch.Size([16])
2026-03-17 10:04:35 [soyo.py]         down_pool.0.8.weight: torch.Size([16, 768])
2026-03-17 10:04:35 [soyo.py]         down_pool.0.8.bias: torch.Size([16])
2026-03-17 10:04:35 [soyo.py]         down_pool.0.9.weight: torch.Size([16, 768])
2026-03-17 10:04:35 [soyo.py]         down_pool.0.9.bias: torch.Size([16])
2026-03-17 10:04:35 [soyo.py]         down_pool.0.10.weight: torch.Size([16, 768])
2026-03-17 10:04:35 [soyo.py]         down_pool.0.10.bias: torch.Size([16])
2026-03-17 10:04:35 [soyo.py]         down_pool.0.11.weight: torch.Size([16, 768])
2026-03-17 10:04:35 [soyo.py]         down_pool.0.11.bias: torch.Size([16])
2026-03-17 10:04:35 [soyo.py]         up_pool.0.0.weight: torch.Size([768, 16])
2026-03-17 10:04:35 [soyo.py]         up_pool.0.0.bias: torch.Size([768])
2026-03-17 10:04:35 [soyo.py]         up_pool.0.1.weight: torch.Size([768, 16])
2026-03-17 10:04:35 [soyo.py]         up_pool.0.1.bias: torch.Size([768])
2026-03-17 10:04:35 [soyo.py]         up_pool.0.2.weight: torch.Size([768, 16])
2026-03-17 10:04:35 [soyo.py]         up_pool.0.2.bias: torch.Size([768])
2026-03-17 10:04:35 [soyo.py]         up_pool.0.3.weight: torch.Size([768, 16])
2026-03-17 10:04:35 [soyo.py]         up_pool.0.3.bias: torch.Size([768])
2026-03-17 10:04:35 [soyo.py]         up_pool.0.4.weight: torch.Size([768, 16])
2026-03-17 10:04:35 [soyo.py]         up_pool.0.4.bias: torch.Size([768])
2026-03-17 10:04:35 [soyo.py]         up_pool.0.5.weight: torch.Size([768, 16])
2026-03-17 10:04:35 [soyo.py]         up_pool.0.5.bias: torch.Size([768])
2026-03-17 10:04:35 [soyo.py]         up_pool.0.6.weight: torch.Size([768, 16])
2026-03-17 10:04:35 [soyo.py]         up_pool.0.6.bias: torch.Size([768])
2026-03-17 10:04:35 [soyo.py]         up_pool.0.7.weight: torch.Size([768, 16])
2026-03-17 10:04:35 [soyo.py]         up_pool.0.7.bias: torch.Size([768])
2026-03-17 10:04:35 [soyo.py]         up_pool.0.8.weight: torch.Size([768, 16])
2026-03-17 10:04:35 [soyo.py]         up_pool.0.8.bias: torch.Size([768])
2026-03-17 10:04:35 [soyo.py]         up_pool.0.9.weight: torch.Size([768, 16])
2026-03-17 10:04:35 [soyo.py]         up_pool.0.9.bias: torch.Size([768])
2026-03-17 10:04:35 [soyo.py]         up_pool.0.10.weight: torch.Size([768, 16])
2026-03-17 10:04:35 [soyo.py]         up_pool.0.10.bias: torch.Size([768])
2026-03-17 10:04:35 [soyo.py]         up_pool.0.11.weight: torch.Size([768, 16])
2026-03-17 10:04:35 [soyo.py]         up_pool.0.11.bias: torch.Size([768])
2026-03-17 10:05:20 [soyo.py] Task 0, Epoch [1/30] lr 0.00997 Loss 52.769, Train_accy 32.46, Test_accy 47.92
2026-03-17 10:06:06 [soyo.py] Task 0, Epoch [2/30] lr 0.00989 Loss 15.100, Train_accy 35.19, Test_accy 47.92
2026-03-17 10:06:51 [soyo.py] Task 0, Epoch [3/30] lr 0.00976 Loss 1.598, Train_accy 43.54, Test_accy 47.92
2026-03-17 10:07:35 [soyo.py] Task 0, Epoch [4/30] lr 0.00957 Loss 1.415, Train_accy 43.45, Test_accy 47.92
2026-03-17 10:08:20 [soyo.py] Task 0, Epoch [5/30] lr 0.00933 Loss 1.338, Train_accy 44.34, Test_accy 47.92
2026-03-17 10:09:05 [soyo.py] Task 0, Epoch [6/30] lr 0.00905 Loss 1.347, Train_accy 44.67, Test_accy 47.92
2026-03-17 10:09:50 [soyo.py] Task 0, Epoch [7/30] lr 0.00872 Loss 1.322, Train_accy 46.54, Test_accy 47.92
2026-03-17 10:10:35 [soyo.py] Task 0, Epoch [8/30] lr 0.00835 Loss 1.322, Train_accy 46.98, Test_accy 47.92
2026-03-17 10:11:20 [soyo.py] Task 0, Epoch [9/30] lr 0.00794 Loss 1.323, Train_accy 46.06, Test_accy 47.92
2026-03-17 10:12:05 [soyo.py] Task 0, Epoch [10/30] lr 0.00750 Loss 1.315, Train_accy 47.35, Test_accy 47.92
2026-03-17 10:12:50 [soyo.py] Task 0, Epoch [11/30] lr 0.00703 Loss 1.311, Train_accy 47.50, Test_accy 47.92
2026-03-17 10:13:35 [soyo.py] Task 0, Epoch [12/30] lr 0.00655 Loss 1.314, Train_accy 47.17, Test_accy 47.92
2026-03-17 10:14:20 [soyo.py] Task 0, Epoch [13/30] lr 0.00604 Loss 1.312, Train_accy 47.93, Test_accy 47.92
2026-03-17 10:15:05 [soyo.py] Task 0, Epoch [14/30] lr 0.00552 Loss 1.318, Train_accy 47.53, Test_accy 47.92
2026-03-17 10:15:50 [soyo.py] Task 0, Epoch [15/30] lr 0.00500 Loss 1.311, Train_accy 47.93, Test_accy 47.92
2026-03-17 10:16:36 [soyo.py] Task 0, Epoch [16/30] lr 0.00448 Loss 1.309, Train_accy 47.31, Test_accy 47.92
2026-03-17 10:17:21 [soyo.py] Task 0, Epoch [17/30] lr 0.00396 Loss 1.305, Train_accy 47.93, Test_accy 47.92
2026-03-17 10:18:06 [soyo.py] Task 0, Epoch [18/30] lr 0.00345 Loss 1.303, Train_accy 47.93, Test_accy 47.92
2026-03-17 10:18:51 [soyo.py] Task 0, Epoch [19/30] lr 0.00297 Loss 1.305, Train_accy 47.93, Test_accy 47.92
2026-03-17 10:19:36 [soyo.py] Task 0, Epoch [20/30] lr 0.00250 Loss 1.302, Train_accy 47.93, Test_accy 47.92
2026-03-17 10:20:21 [soyo.py] Task 0, Epoch [21/30] lr 0.00206 Loss 1.303, Train_accy 47.93, Test_accy 47.92
2026-03-17 10:21:06 [soyo.py] Task 0, Epoch [22/30] lr 0.00165 Loss 1.301, Train_accy 47.93, Test_accy 47.92
2026-03-17 10:21:51 [soyo.py] Task 0, Epoch [23/30] lr 0.00128 Loss 1.302, Train_accy 47.93, Test_accy 47.92
2026-03-17 10:22:36 [soyo.py] Task 0, Epoch [24/30] lr 0.00095 Loss 1.301, Train_accy 47.93, Test_accy 47.92
2026-03-17 10:23:22 [soyo.py] Task 0, Epoch [25/30] lr 0.00067 Loss 1.300, Train_accy 47.93, Test_accy 47.92
2026-03-17 10:24:07 [soyo.py] Task 0, Epoch [26/30] lr 0.00043 Loss 1.299, Train_accy 47.93, Test_accy 47.92
2026-03-17 10:24:52 [soyo.py] Task 0, Epoch [27/30] lr 0.00024 Loss 1.299, Train_accy 47.93, Test_accy 47.92
2026-03-17 10:25:37 [soyo.py] Task 0, Epoch [28/30] lr 0.00011 Loss 1.299, Train_accy 47.93, Test_accy 47.92
2026-03-17 10:26:22 [soyo.py] Task 0, Epoch [29/30] lr 0.00003 Loss 1.298, Train_accy 47.93, Test_accy 47.92
2026-03-17 10:27:08 [soyo.py] Task 0, Epoch [30/30] lr 0.00000 Loss 1.299, Train_accy 47.93, Test_accy 47.92
2026-03-17 10:27:08 [soyo.py] ==> Start compress_train_resample
2026-03-17 10:27:08 [soyo.py]     use 0 old + 128 new samples for each batch
2026-03-17 10:27:08 [soyo.py] ==> Checking the SOYO parameter
2026-03-17 10:27:08 [soyo.py]     SOYO Training:
2026-03-17 10:27:08 [soyo.py]         soyo_clf.weight: torch.Size([5, 768])
2026-03-17 10:27:08 [soyo.py]         soyo_clf.bias: torch.Size([5])
2026-03-17 10:27:08 [soyo.py]     SOYO Total params: 3845
2026-03-17 10:27:08 [soyo.py]     SOYO Trainable params: 3845
2026-03-17 10:27:08 [soyo.py] ==> Start SOYO training
2026-03-17 10:27:26 [soyo.py] SOYO training: Task 1, Epoch [1/30] lr 0.09973 Loss 0.072, Train_acc 99.07
2026-03-17 10:27:45 [soyo.py] SOYO training: Task 1, Epoch [2/30] lr 0.09891 Loss 0.001, Train_acc 100.00
2026-03-17 10:28:03 [soyo.py] SOYO training: Task 1, Epoch [3/30] lr 0.09755 Loss 0.001, Train_acc 100.00
2026-03-17 10:28:22 [soyo.py] SOYO training: Task 1, Epoch [4/30] lr 0.09568 Loss 0.001, Train_acc 100.00
2026-03-17 10:28:41 [soyo.py] SOYO training: Task 1, Epoch [5/30] lr 0.09330 Loss 0.001, Train_acc 100.00
2026-03-17 10:28:59 [soyo.py] SOYO training: Task 1, Epoch [6/30] lr 0.09045 Loss 0.001, Train_acc 100.00
2026-03-17 10:29:18 [soyo.py] SOYO training: Task 1, Epoch [7/30] lr 0.08716 Loss 0.001, Train_acc 100.00
2026-03-17 10:29:37 [soyo.py] SOYO training: Task 1, Epoch [8/30] lr 0.08346 Loss 0.001, Train_acc 100.00
2026-03-17 10:29:55 [soyo.py] SOYO training: Task 1, Epoch [9/30] lr 0.07939 Loss 0.001, Train_acc 100.00
2026-03-17 10:30:14 [soyo.py] SOYO training: Task 1, Epoch [10/30] lr 0.07500 Loss 0.001, Train_acc 100.00
2026-03-17 10:30:33 [soyo.py] SOYO training: Task 1, Epoch [11/30] lr 0.07034 Loss 0.001, Train_acc 100.00
2026-03-17 10:30:51 [soyo.py] SOYO training: Task 1, Epoch [12/30] lr 0.06545 Loss 0.001, Train_acc 100.00
2026-03-17 10:31:10 [soyo.py] SOYO training: Task 1, Epoch [13/30] lr 0.06040 Loss 0.001, Train_acc 100.00
2026-03-17 10:31:28 [soyo.py] SOYO training: Task 1, Epoch [14/30] lr 0.05523 Loss 0.001, Train_acc 100.00
2026-03-17 10:31:47 [soyo.py] SOYO training: Task 1, Epoch [15/30] lr 0.05000 Loss 0.001, Train_acc 100.00
2026-03-17 10:32:06 [soyo.py] SOYO training: Task 1, Epoch [16/30] lr 0.04477 Loss 0.001, Train_acc 100.00
2026-03-17 10:32:24 [soyo.py] SOYO training: Task 1, Epoch [17/30] lr 0.03960 Loss 0.001, Train_acc 100.00
2026-03-17 10:32:43 [soyo.py] SOYO training: Task 1, Epoch [18/30] lr 0.03455 Loss 0.001, Train_acc 100.00
2026-03-17 10:33:01 [soyo.py] SOYO training: Task 1, Epoch [19/30] lr 0.02966 Loss 0.001, Train_acc 100.00
2026-03-17 10:33:20 [soyo.py] SOYO training: Task 1, Epoch [20/30] lr 0.02500 Loss 0.001, Train_acc 100.00
2026-03-17 10:33:39 [soyo.py] SOYO training: Task 1, Epoch [21/30] lr 0.02061 Loss 0.001, Train_acc 100.00
2026-03-17 10:33:57 [soyo.py] SOYO training: Task 1, Epoch [22/30] lr 0.01654 Loss 0.001, Train_acc 100.00
2026-03-17 10:34:16 [soyo.py] SOYO training: Task 1, Epoch [23/30] lr 0.01284 Loss 0.001, Train_acc 100.00
2026-03-17 10:34:34 [soyo.py] SOYO training: Task 1, Epoch [24/30] lr 0.00955 Loss 0.001, Train_acc 100.00
2026-03-17 10:34:53 [soyo.py] SOYO training: Task 1, Epoch [25/30] lr 0.00670 Loss 0.001, Train_acc 100.00
2026-03-17 10:35:12 [soyo.py] SOYO training: Task 1, Epoch [26/30] lr 0.00432 Loss 0.001, Train_acc 100.00
2026-03-17 10:35:30 [soyo.py] SOYO training: Task 1, Epoch [27/30] lr 0.00245 Loss 0.001, Train_acc 100.00
2026-03-17 10:35:49 [soyo.py] SOYO training: Task 1, Epoch [28/30] lr 0.00109 Loss 0.001, Train_acc 100.00
2026-03-17 10:36:07 [soyo.py] SOYO training: Task 1, Epoch [29/30] lr 0.00027 Loss 0.001, Train_acc 100.00
2026-03-17 10:36:26 [soyo.py] SOYO training: Task 1, Epoch [30/30] lr 0.00000 Loss 0.001, Train_acc 100.00
2026-03-17 10:36:26 [soyo.py] ==> Saving compression...
2026-03-17 10:36:51 [soyo.py]     used features: (13624, 768)
2026-03-17 10:36:51 [soyo.py]     saving compression: [(2, 768), (2, 768, 768), (2,)]
2026-03-17 10:36:51 [soyo.py]     have saved 1 groups of compression
2026-03-17 10:37:18 [trainer.py] CNN: {'total': np.float64(47.92), '0-5': np.float64(47.92), 'old': 0, 'new': np.float64(47.92)}
2026-03-17 10:37:18 [trainer.py] CNN top1 curve: [np.float64(47.92)]
2026-03-17 10:37:18 [soyo.py] Exemplar size: 0
2026-03-17 10:37:19 [trainer.py] Save the checkpoint task_0.pth
2026-03-17 10:37:19 [soyo.py] 
2026-03-17 10:37:19 [soyo.py] ==> Training task 1, Learning on 6-12
2026-03-17 10:37:19 [soyo.py]     len(train_dataset): 3816
2026-03-17 10:37:19 [soyo.py]     len(test_dataset): 4361
2026-03-17 10:37:19 [soyo.py] ==> Checking the parameter
2026-03-17 10:37:19 [soyo.py]     Total parameters: 92909254
2026-03-17 10:37:19 [soyo.py]     Trainable parameters: 316614
2026-03-17 10:37:19 [soyo.py]     Blocks:
2026-03-17 10:37:19 [soyo.py]         image_encoder: 91326184
2026-03-17 10:37:19 [soyo.py]         classifier: 23070
2026-03-17 10:37:19 [soyo.py]         prompt_pool: 38400
2026-03-17 10:37:19 [soyo.py]         down_pool: 738240
2026-03-17 10:37:19 [soyo.py]         up_pool: 783360
2026-03-17 10:37:19 [soyo.py]     Training:
2026-03-17 10:37:19 [soyo.py]         classifier.1.weight: torch.Size([6, 768])
2026-03-17 10:37:19 [soyo.py]         classifier.1.bias: torch.Size([6])
2026-03-17 10:37:19 [soyo.py]         prompt_pool.1.weight: torch.Size([10, 768])
2026-03-17 10:37:19 [soyo.py]         down_pool.1.0.weight: torch.Size([16, 768])
2026-03-17 10:37:19 [soyo.py]         down_pool.1.0.bias: torch.Size([16])
2026-03-17 10:37:19 [soyo.py]         down_pool.1.1.weight: torch.Size([16, 768])
2026-03-17 10:37:19 [soyo.py]         down_pool.1.1.bias: torch.Size([16])
2026-03-17 10:37:19 [soyo.py]         down_pool.1.2.weight: torch.Size([16, 768])
2026-03-17 10:37:19 [soyo.py]         down_pool.1.2.bias: torch.Size([16])
2026-03-17 10:37:19 [soyo.py]         down_pool.1.3.weight: torch.Size([16, 768])
2026-03-17 10:37:19 [soyo.py]         down_pool.1.3.bias: torch.Size([16])
2026-03-17 10:37:19 [soyo.py]         down_pool.1.4.weight: torch.Size([16, 768])
2026-03-17 10:37:19 [soyo.py]         down_pool.1.4.bias: torch.Size([16])
2026-03-17 10:37:19 [soyo.py]         down_pool.1.5.weight: torch.Size([16, 768])
2026-03-17 10:37:19 [soyo.py]         down_pool.1.5.bias: torch.Size([16])
2026-03-17 10:37:19 [soyo.py]         down_pool.1.6.weight: torch.Size([16, 768])
2026-03-17 10:37:19 [soyo.py]         down_pool.1.6.bias: torch.Size([16])
2026-03-17 10:37:19 [soyo.py]         down_pool.1.7.weight: torch.Size([16, 768])
2026-03-17 10:37:19 [soyo.py]         down_pool.1.7.bias: torch.Size([16])
2026-03-17 10:37:19 [soyo.py]         down_pool.1.8.weight: torch.Size([16, 768])
2026-03-17 10:37:19 [soyo.py]         down_pool.1.8.bias: torch.Size([16])
2026-03-17 10:37:19 [soyo.py]         down_pool.1.9.weight: torch.Size([16, 768])
2026-03-17 10:37:19 [soyo.py]         down_pool.1.9.bias: torch.Size([16])
2026-03-17 10:37:19 [soyo.py]         down_pool.1.10.weight: torch.Size([16, 768])
2026-03-17 10:37:19 [soyo.py]         down_pool.1.10.bias: torch.Size([16])
2026-03-17 10:37:19 [soyo.py]         down_pool.1.11.weight: torch.Size([16, 768])
2026-03-17 10:37:19 [soyo.py]         down_pool.1.11.bias: torch.Size([16])
2026-03-17 10:37:19 [soyo.py]         up_pool.1.0.weight: torch.Size([768, 16])
2026-03-17 10:37:19 [soyo.py]         up_pool.1.0.bias: torch.Size([768])
2026-03-17 10:37:19 [soyo.py]         up_pool.1.1.weight: torch.Size([768, 16])
2026-03-17 10:37:19 [soyo.py]         up_pool.1.1.bias: torch.Size([768])
2026-03-17 10:37:19 [soyo.py]         up_pool.1.2.weight: torch.Size([768, 16])
2026-03-17 10:37:19 [soyo.py]         up_pool.1.2.bias: torch.Size([768])
2026-03-17 10:37:19 [soyo.py]         up_pool.1.3.weight: torch.Size([768, 16])
2026-03-17 10:37:19 [soyo.py]         up_pool.1.3.bias: torch.Size([768])
2026-03-17 10:37:19 [soyo.py]         up_pool.1.4.weight: torch.Size([768, 16])
2026-03-17 10:37:19 [soyo.py]         up_pool.1.4.bias: torch.Size([768])
2026-03-17 10:37:19 [soyo.py]         up_pool.1.5.weight: torch.Size([768, 16])
2026-03-17 10:37:19 [soyo.py]         up_pool.1.5.bias: torch.Size([768])
2026-03-17 10:37:19 [soyo.py]         up_pool.1.6.weight: torch.Size([768, 16])
2026-03-17 10:37:19 [soyo.py]         up_pool.1.6.bias: torch.Size([768])
2026-03-17 10:37:19 [soyo.py]         up_pool.1.7.weight: torch.Size([768, 16])
2026-03-17 10:37:19 [soyo.py]         up_pool.1.7.bias: torch.Size([768])
2026-03-17 10:37:19 [soyo.py]         up_pool.1.8.weight: torch.Size([768, 16])
2026-03-17 10:37:19 [soyo.py]         up_pool.1.8.bias: torch.Size([768])
2026-03-17 10:37:19 [soyo.py]         up_pool.1.9.weight: torch.Size([768, 16])
2026-03-17 10:37:19 [soyo.py]         up_pool.1.9.bias: torch.Size([768])
2026-03-17 10:37:19 [soyo.py]         up_pool.1.10.weight: torch.Size([768, 16])
2026-03-17 10:37:19 [soyo.py]         up_pool.1.10.bias: torch.Size([768])
2026-03-17 10:37:19 [soyo.py]         up_pool.1.11.weight: torch.Size([768, 16])
2026-03-17 10:37:19 [soyo.py]         up_pool.1.11.bias: torch.Size([768])
2026-03-17 10:37:38 [soyo.py] Task 1, Epoch [1/30] lr 0.00997 Loss 51.184, Train_accy 39.86, Test_accy 36.09
2026-03-17 10:37:56 [soyo.py] Task 1, Epoch [2/30] lr 0.00989 Loss 68.234, Train_accy 42.30, Test_accy 0.60
2026-03-17 10:38:15 [soyo.py] Task 1, Epoch [3/30] lr 0.00976 Loss 50.034, Train_accy 39.62, Test_accy 36.09
2026-03-17 10:38:34 [soyo.py] Task 1, Epoch [4/30] lr 0.00957 Loss 29.945, Train_accy 40.99, Test_accy 36.09
2026-03-17 10:38:53 [soyo.py] Task 1, Epoch [5/30] lr 0.00933 Loss 50.052, Train_accy 41.98, Test_accy 36.09
2026-03-17 10:39:11 [soyo.py] Task 1, Epoch [6/30] lr 0.00905 Loss 39.210, Train_accy 41.77, Test_accy 36.09
2026-03-17 10:39:30 [soyo.py] Task 1, Epoch [7/30] lr 0.00872 Loss 27.433, Train_accy 42.45, Test_accy 36.09
2026-03-17 10:39:49 [soyo.py] Task 1, Epoch [8/30] lr 0.00835 Loss 37.586, Train_accy 42.03, Test_accy 42.31
2026-03-17 10:40:08 [soyo.py] Task 1, Epoch [9/30] lr 0.00794 Loss 43.129, Train_accy 42.19, Test_accy 42.31
2026-03-17 10:40:27 [soyo.py] Task 1, Epoch [10/30] lr 0.00750 Loss 34.268, Train_accy 40.99, Test_accy 36.09
2026-03-17 10:40:45 [soyo.py] Task 1, Epoch [11/30] lr 0.00703 Loss 27.602, Train_accy 43.29, Test_accy 36.09
2026-03-17 10:41:04 [soyo.py] Task 1, Epoch [12/30] lr 0.00655 Loss 15.025, Train_accy 42.30, Test_accy 36.09
2026-03-17 10:41:23 [soyo.py] Task 1, Epoch [13/30] lr 0.00604 Loss 14.110, Train_accy 41.22, Test_accy 36.09
2026-03-17 10:41:42 [soyo.py] Task 1, Epoch [14/30] lr 0.00552 Loss 3.627, Train_accy 43.53, Test_accy 36.09
2026-03-17 10:42:01 [soyo.py] Task 1, Epoch [15/30] lr 0.00500 Loss 1.635, Train_accy 47.59, Test_accy 36.09
2026-03-17 10:42:19 [soyo.py] Task 1, Epoch [16/30] lr 0.00448 Loss 1.224, Train_accy 59.51, Test_accy 36.09
2026-03-17 10:42:38 [soyo.py] Task 1, Epoch [17/30] lr 0.00396 Loss 1.228, Train_accy 57.08, Test_accy 36.09
2026-03-17 10:42:57 [soyo.py] Task 1, Epoch [18/30] lr 0.00345 Loss 1.190, Train_accy 59.51, Test_accy 36.09
2026-03-17 10:43:16 [soyo.py] Task 1, Epoch [19/30] lr 0.00297 Loss 1.183, Train_accy 59.51, Test_accy 36.09
2026-03-17 10:43:35 [soyo.py] Task 1, Epoch [20/30] lr 0.00250 Loss 1.186, Train_accy 59.51, Test_accy 36.09
2026-03-17 10:43:54 [soyo.py] Task 1, Epoch [21/30] lr 0.00206 Loss 1.177, Train_accy 59.51, Test_accy 36.09
2026-03-17 10:44:13 [soyo.py] Task 1, Epoch [22/30] lr 0.00165 Loss 1.171, Train_accy 59.51, Test_accy 36.09
2026-03-17 10:44:32 [soyo.py] Task 1, Epoch [23/30] lr 0.00128 Loss 1.173, Train_accy 59.51, Test_accy 36.09
2026-03-17 10:44:51 [soyo.py] Task 1, Epoch [24/30] lr 0.00095 Loss 1.178, Train_accy 59.51, Test_accy 36.09
2026-03-17 10:45:10 [soyo.py] Task 1, Epoch [25/30] lr 0.00067 Loss 1.164, Train_accy 59.51, Test_accy 36.09
2026-03-17 10:45:28 [soyo.py] Task 1, Epoch [26/30] lr 0.00043 Loss 1.165, Train_accy 59.51, Test_accy 36.09
2026-03-17 10:45:47 [soyo.py] Task 1, Epoch [27/30] lr 0.00024 Loss 1.159, Train_accy 59.51, Test_accy 36.09
2026-03-17 10:46:06 [soyo.py] Task 1, Epoch [28/30] lr 0.00011 Loss 1.160, Train_accy 59.51, Test_accy 36.09
2026-03-17 10:46:25 [soyo.py] Task 1, Epoch [29/30] lr 0.00003 Loss 1.160, Train_accy 59.51, Test_accy 36.09
2026-03-17 10:46:44 [soyo.py] Task 1, Epoch [30/30] lr 0.00000 Loss 1.158, Train_accy 59.51, Test_accy 36.09
2026-03-17 10:46:44 [soyo.py] ==> Start compress_train_resample
2026-03-17 10:46:44 [soyo.py]     use 64 old + 64 new samples for each batch
2026-03-17 10:46:44 [soyo.py] ==> Checking the SOYO parameter
2026-03-17 10:46:44 [soyo.py]     SOYO Training:
2026-03-17 10:46:44 [soyo.py]         soyo_clf.weight: torch.Size([5, 768])
2026-03-17 10:46:44 [soyo.py]         soyo_clf.bias: torch.Size([5])
2026-03-17 10:46:44 [soyo.py]     SOYO Total params: 3845
2026-03-17 10:46:44 [soyo.py]     SOYO Trainable params: 3845
2026-03-17 10:46:44 [soyo.py] ==> Start SOYO training
2026-03-17 10:46:50 [soyo.py] SOYO training: Task 2, Epoch [1/30] lr 0.09973 Loss 1.757, Train_acc 50.96
2026-03-17 10:46:56 [soyo.py] SOYO training: Task 2, Epoch [2/30] lr 0.09891 Loss 0.682, Train_acc 61.09
2026-03-17 10:47:03 [soyo.py] SOYO training: Task 2, Epoch [3/30] lr 0.09755 Loss 0.616, Train_acc 67.03
2026-03-17 10:47:09 [soyo.py] SOYO training: Task 2, Epoch [4/30] lr 0.09568 Loss 0.593, Train_acc 69.95
2026-03-17 10:47:15 [soyo.py] SOYO training: Task 2, Epoch [5/30] lr 0.09330 Loss 0.581, Train_acc 70.16
2026-03-17 10:47:21 [soyo.py] SOYO training: Task 2, Epoch [6/30] lr 0.09045 Loss 0.568, Train_acc 71.95
2026-03-17 10:47:27 [soyo.py] SOYO training: Task 2, Epoch [7/30] lr 0.08716 Loss 0.566, Train_acc 71.93
2026-03-17 10:47:33 [soyo.py] SOYO training: Task 2, Epoch [8/30] lr 0.08346 Loss 0.568, Train_acc 70.70
2026-03-17 10:47:39 [soyo.py] SOYO training: Task 2, Epoch [9/30] lr 0.07939 Loss 0.549, Train_acc 73.02
2026-03-17 10:47:45 [soyo.py] SOYO training: Task 2, Epoch [10/30] lr 0.07500 Loss 0.555, Train_acc 72.50
2026-03-17 10:47:51 [soyo.py] SOYO training: Task 2, Epoch [11/30] lr 0.07034 Loss 0.553, Train_acc 72.99
2026-03-17 10:47:57 [soyo.py] SOYO training: Task 2, Epoch [12/30] lr 0.06545 Loss 0.552, Train_acc 72.47
2026-03-17 10:48:03 [soyo.py] SOYO training: Task 2, Epoch [13/30] lr 0.06040 Loss 0.554, Train_acc 72.01
2026-03-17 10:48:09 [soyo.py] SOYO training: Task 2, Epoch [14/30] lr 0.05523 Loss 0.554, Train_acc 72.19
2026-03-17 10:48:16 [soyo.py] SOYO training: Task 2, Epoch [15/30] lr 0.05000 Loss 0.539, Train_acc 73.39
2026-03-17 10:48:22 [soyo.py] SOYO training: Task 2, Epoch [16/30] lr 0.04477 Loss 0.542, Train_acc 73.46
2026-03-17 10:48:28 [soyo.py] SOYO training: Task 2, Epoch [17/30] lr 0.03960 Loss 0.548, Train_acc 73.10
2026-03-17 10:48:34 [soyo.py] SOYO training: Task 2, Epoch [18/30] lr 0.03455 Loss 0.546, Train_acc 72.66
2026-03-17 10:48:40 [soyo.py] SOYO training: Task 2, Epoch [19/30] lr 0.02966 Loss 0.548, Train_acc 73.20
2026-03-17 10:48:46 [soyo.py] SOYO training: Task 2, Epoch [20/30] lr 0.02500 Loss 0.545, Train_acc 72.50
2026-03-17 10:48:52 [soyo.py] SOYO training: Task 2, Epoch [21/30] lr 0.02061 Loss 0.544, Train_acc 73.39
2026-03-17 10:48:58 [soyo.py] SOYO training: Task 2, Epoch [22/30] lr 0.01654 Loss 0.537, Train_acc 74.14
2026-03-17 10:49:04 [soyo.py] SOYO training: Task 2, Epoch [23/30] lr 0.01284 Loss 0.548, Train_acc 72.16
2026-03-17 10:49:10 [soyo.py] SOYO training: Task 2, Epoch [24/30] lr 0.00955 Loss 0.542, Train_acc 72.84
2026-03-17 10:49:16 [soyo.py] SOYO training: Task 2, Epoch [25/30] lr 0.00670 Loss 0.539, Train_acc 74.06
2026-03-17 10:49:22 [soyo.py] SOYO training: Task 2, Epoch [26/30] lr 0.00432 Loss 0.546, Train_acc 72.71
2026-03-17 10:49:28 [soyo.py] SOYO training: Task 2, Epoch [27/30] lr 0.00245 Loss 0.537, Train_acc 73.78
2026-03-17 10:49:34 [soyo.py] SOYO training: Task 2, Epoch [28/30] lr 0.00109 Loss 0.548, Train_acc 72.50
2026-03-17 10:49:40 [soyo.py] SOYO training: Task 2, Epoch [29/30] lr 0.00027 Loss 0.536, Train_acc 74.69
2026-03-17 10:49:47 [soyo.py] SOYO training: Task 2, Epoch [30/30] lr 0.00000 Loss 0.532, Train_acc 74.32
2026-03-17 10:49:47 [soyo.py] ==> Saving compression...
2026-03-17 10:49:55 [soyo.py]     used features: (3816, 768)
2026-03-17 10:49:55 [soyo.py]     saving compression: [(2, 768), (2, 768, 768), (2,)]
2026-03-17 10:49:55 [soyo.py]     have saved 2 groups of compression
2026-03-17 10:50:30 [trainer.py] CNN: {'total': np.float64(51.36), '0-5': np.float64(49.77), '6-11': np.float64(57.07), 'old': np.float64(49.77), 'new': np.float64(57.07)}
2026-03-17 10:50:30 [trainer.py] CNN top1 curve: [np.float64(47.92), np.float64(51.36)]
2026-03-17 10:50:30 [soyo.py] Exemplar size: 0
2026-03-17 10:50:31 [trainer.py] Save the checkpoint task_1.pth
2026-03-17 10:50:31 [soyo.py] 
2026-03-17 10:50:31 [soyo.py] ==> Training task 2, Learning on 12-18
2026-03-17 10:50:31 [soyo.py]     len(train_dataset): 7816
2026-03-17 10:50:31 [soyo.py]     len(test_dataset): 6316
2026-03-17 10:50:31 [soyo.py] ==> Checking the parameter
2026-03-17 10:50:31 [soyo.py]     Total parameters: 92909254
2026-03-17 10:50:31 [soyo.py]     Trainable parameters: 316614
2026-03-17 10:50:31 [soyo.py]     Blocks:
2026-03-17 10:50:31 [soyo.py]         image_encoder: 91326184
2026-03-17 10:50:31 [soyo.py]         classifier: 23070
2026-03-17 10:50:31 [soyo.py]         prompt_pool: 38400
2026-03-17 10:50:31 [soyo.py]         down_pool: 738240
2026-03-17 10:50:31 [soyo.py]         up_pool: 783360
2026-03-17 10:50:31 [soyo.py]     Training:
2026-03-17 10:50:31 [soyo.py]         classifier.2.weight: torch.Size([6, 768])
2026-03-17 10:50:31 [soyo.py]         classifier.2.bias: torch.Size([6])
2026-03-17 10:50:31 [soyo.py]         prompt_pool.2.weight: torch.Size([10, 768])
2026-03-17 10:50:31 [soyo.py]         down_pool.2.0.weight: torch.Size([16, 768])
2026-03-17 10:50:31 [soyo.py]         down_pool.2.0.bias: torch.Size([16])
2026-03-17 10:50:31 [soyo.py]         down_pool.2.1.weight: torch.Size([16, 768])
2026-03-17 10:50:31 [soyo.py]         down_pool.2.1.bias: torch.Size([16])
2026-03-17 10:50:31 [soyo.py]         down_pool.2.2.weight: torch.Size([16, 768])
2026-03-17 10:50:31 [soyo.py]         down_pool.2.2.bias: torch.Size([16])
2026-03-17 10:50:31 [soyo.py]         down_pool.2.3.weight: torch.Size([16, 768])
2026-03-17 10:50:31 [soyo.py]         down_pool.2.3.bias: torch.Size([16])
2026-03-17 10:50:31 [soyo.py]         down_pool.2.4.weight: torch.Size([16, 768])
2026-03-17 10:50:31 [soyo.py]         down_pool.2.4.bias: torch.Size([16])
2026-03-17 10:50:31 [soyo.py]         down_pool.2.5.weight: torch.Size([16, 768])
2026-03-17 10:50:31 [soyo.py]         down_pool.2.5.bias: torch.Size([16])
2026-03-17 10:50:31 [soyo.py]         down_pool.2.6.weight: torch.Size([16, 768])
2026-03-17 10:50:31 [soyo.py]         down_pool.2.6.bias: torch.Size([16])
2026-03-17 10:50:31 [soyo.py]         down_pool.2.7.weight: torch.Size([16, 768])
2026-03-17 10:50:31 [soyo.py]         down_pool.2.7.bias: torch.Size([16])
2026-03-17 10:50:31 [soyo.py]         down_pool.2.8.weight: torch.Size([16, 768])
2026-03-17 10:50:31 [soyo.py]         down_pool.2.8.bias: torch.Size([16])
2026-03-17 10:50:31 [soyo.py]         down_pool.2.9.weight: torch.Size([16, 768])
2026-03-17 10:50:31 [soyo.py]         down_pool.2.9.bias: torch.Size([16])
2026-03-17 10:50:31 [soyo.py]         down_pool.2.10.weight: torch.Size([16, 768])
2026-03-17 10:50:31 [soyo.py]         down_pool.2.10.bias: torch.Size([16])
2026-03-17 10:50:31 [soyo.py]         down_pool.2.11.weight: torch.Size([16, 768])
2026-03-17 10:50:31 [soyo.py]         down_pool.2.11.bias: torch.Size([16])
2026-03-17 10:50:31 [soyo.py]         up_pool.2.0.weight: torch.Size([768, 16])
2026-03-17 10:50:31 [soyo.py]         up_pool.2.0.bias: torch.Size([768])
2026-03-17 10:50:31 [soyo.py]         up_pool.2.1.weight: torch.Size([768, 16])
2026-03-17 10:50:31 [soyo.py]         up_pool.2.1.bias: torch.Size([768])
2026-03-17 10:50:31 [soyo.py]         up_pool.2.2.weight: torch.Size([768, 16])
2026-03-17 10:50:31 [soyo.py]         up_pool.2.2.bias: torch.Size([768])
2026-03-17 10:50:31 [soyo.py]         up_pool.2.3.weight: torch.Size([768, 16])
2026-03-17 10:50:31 [soyo.py]         up_pool.2.3.bias: torch.Size([768])
2026-03-17 10:50:31 [soyo.py]         up_pool.2.4.weight: torch.Size([768, 16])
2026-03-17 10:50:31 [soyo.py]         up_pool.2.4.bias: torch.Size([768])
2026-03-17 10:50:31 [soyo.py]         up_pool.2.5.weight: torch.Size([768, 16])
2026-03-17 10:50:31 [soyo.py]         up_pool.2.5.bias: torch.Size([768])
2026-03-17 10:50:31 [soyo.py]         up_pool.2.6.weight: torch.Size([768, 16])
2026-03-17 10:50:31 [soyo.py]         up_pool.2.6.bias: torch.Size([768])
2026-03-17 10:50:31 [soyo.py]         up_pool.2.7.weight: torch.Size([768, 16])
2026-03-17 10:50:31 [soyo.py]         up_pool.2.7.bias: torch.Size([768])
2026-03-17 10:50:31 [soyo.py]         up_pool.2.8.weight: torch.Size([768, 16])
2026-03-17 10:50:31 [soyo.py]         up_pool.2.8.bias: torch.Size([768])
2026-03-17 10:50:31 [soyo.py]         up_pool.2.9.weight: torch.Size([768, 16])
2026-03-17 10:50:31 [soyo.py]         up_pool.2.9.bias: torch.Size([768])
2026-03-17 10:50:31 [soyo.py]         up_pool.2.10.weight: torch.Size([768, 16])
2026-03-17 10:50:31 [soyo.py]         up_pool.2.10.bias: torch.Size([768])
2026-03-17 10:50:31 [soyo.py]         up_pool.2.11.weight: torch.Size([768, 16])
2026-03-17 10:50:31 [soyo.py]         up_pool.2.11.bias: torch.Size([768])
2026-03-17 10:51:04 [soyo.py] Task 2, Epoch [1/30] lr 0.00997 Loss 96.269, Train_accy 26.70, Test_accy 30.38
2026-03-17 10:51:37 [soyo.py] Task 2, Epoch [2/30] lr 0.00989 Loss 67.031, Train_accy 29.31, Test_accy 9.61
2026-03-17 10:52:10 [soyo.py] Task 2, Epoch [3/30] lr 0.00976 Loss 36.945, Train_accy 29.34, Test_accy 42.84
2026-03-17 10:52:42 [soyo.py] Task 2, Epoch [4/30] lr 0.00957 Loss 16.997, Train_accy 28.02, Test_accy 42.84
2026-03-17 10:53:16 [soyo.py] Task 2, Epoch [5/30] lr 0.00933 Loss 4.511, Train_accy 31.70, Test_accy 42.84
2026-03-17 10:53:48 [soyo.py] Task 2, Epoch [6/30] lr 0.00905 Loss 1.880, Train_accy 37.99, Test_accy 9.61
2026-03-17 10:54:21 [soyo.py] Task 2, Epoch [7/30] lr 0.00872 Loss 1.777, Train_accy 39.24, Test_accy 42.84
2026-03-17 10:54:54 [soyo.py] Task 2, Epoch [8/30] lr 0.00835 Loss 1.837, Train_accy 33.44, Test_accy 42.84
2026-03-17 10:55:27 [soyo.py] Task 2, Epoch [9/30] lr 0.00794 Loss 1.667, Train_accy 37.87, Test_accy 42.84
2026-03-17 10:56:00 [soyo.py] Task 2, Epoch [10/30] lr 0.00750 Loss 1.574, Train_accy 40.95, Test_accy 9.61
2026-03-17 10:56:33 [soyo.py] Task 2, Epoch [11/30] lr 0.00703 Loss 1.614, Train_accy 37.63, Test_accy 42.84
2026-03-17 10:57:05 [soyo.py] Task 2, Epoch [12/30] lr 0.00655 Loss 1.513, Train_accy 38.34, Test_accy 9.61
2026-03-17 10:57:38 [soyo.py] Task 2, Epoch [13/30] lr 0.00604 Loss 1.464, Train_accy 39.24, Test_accy 42.84
2026-03-17 10:58:11 [soyo.py] Task 2, Epoch [14/30] lr 0.00552 Loss 1.498, Train_accy 40.39, Test_accy 42.84
2026-03-17 10:58:44 [soyo.py] Task 2, Epoch [15/30] lr 0.00500 Loss 1.432, Train_accy 43.67, Test_accy 42.84
2026-03-17 10:59:16 [soyo.py] Task 2, Epoch [16/30] lr 0.00448 Loss 1.453, Train_accy 42.60, Test_accy 42.84
2026-03-17 10:59:49 [soyo.py] Task 2, Epoch [17/30] lr 0.00396 Loss 1.434, Train_accy 43.36, Test_accy 30.38
2026-03-17 11:00:22 [soyo.py] Task 2, Epoch [18/30] lr 0.00345 Loss 1.434, Train_accy 43.18, Test_accy 42.84
2026-03-17 11:00:55 [soyo.py] Task 2, Epoch [19/30] lr 0.00297 Loss 1.434, Train_accy 44.04, Test_accy 42.84
2026-03-17 11:01:28 [soyo.py] Task 2, Epoch [20/30] lr 0.00250 Loss 1.437, Train_accy 43.14, Test_accy 42.84
2026-03-17 11:02:00 [soyo.py] Task 2, Epoch [21/30] lr 0.00206 Loss 1.427, Train_accy 44.04, Test_accy 42.84
2026-03-17 11:02:33 [soyo.py] Task 2, Epoch [22/30] lr 0.00165 Loss 1.421, Train_accy 44.04, Test_accy 42.84
2026-03-17 11:03:06 [soyo.py] Task 2, Epoch [23/30] lr 0.00128 Loss 1.413, Train_accy 44.04, Test_accy 42.84
2026-03-17 11:03:39 [soyo.py] Task 2, Epoch [24/30] lr 0.00095 Loss 1.411, Train_accy 44.04, Test_accy 42.84
2026-03-17 11:04:12 [soyo.py] Task 2, Epoch [25/30] lr 0.00067 Loss 1.414, Train_accy 44.04, Test_accy 42.84
2026-03-17 11:04:44 [soyo.py] Task 2, Epoch [26/30] lr 0.00043 Loss 1.407, Train_accy 44.04, Test_accy 42.84
2026-03-17 11:05:17 [soyo.py] Task 2, Epoch [27/30] lr 0.00024 Loss 1.400, Train_accy 44.04, Test_accy 42.84
2026-03-17 11:05:50 [soyo.py] Task 2, Epoch [28/30] lr 0.00011 Loss 1.403, Train_accy 44.04, Test_accy 42.84
2026-03-17 11:06:23 [soyo.py] Task 2, Epoch [29/30] lr 0.00003 Loss 1.400, Train_accy 44.04, Test_accy 42.84
2026-03-17 11:06:56 [soyo.py] Task 2, Epoch [30/30] lr 0.00000 Loss 1.405, Train_accy 44.04, Test_accy 42.84
2026-03-17 11:06:56 [soyo.py] ==> Start compress_train_resample
2026-03-17 11:06:56 [soyo.py]     use 86 old + 42 new samples for each batch
2026-03-17 11:06:56 [soyo.py] ==> Checking the SOYO parameter
2026-03-17 11:06:56 [soyo.py]     SOYO Training:
2026-03-17 11:06:56 [soyo.py]         soyo_clf.weight: torch.Size([5, 768])
2026-03-17 11:06:56 [soyo.py]         soyo_clf.bias: torch.Size([5])
2026-03-17 11:06:56 [soyo.py]     SOYO Total params: 3845
2026-03-17 11:06:56 [soyo.py]     SOYO Trainable params: 3845
2026-03-17 11:06:56 [soyo.py] ==> Start SOYO training
2026-03-17 11:07:08 [soyo.py] SOYO training: Task 3, Epoch [1/30] lr 0.09973 Loss 1.261, Train_acc 49.52
2026-03-17 11:07:19 [soyo.py] SOYO training: Task 3, Epoch [2/30] lr 0.09891 Loss 0.896, Train_acc 59.16
2026-03-17 11:07:31 [soyo.py] SOYO training: Task 3, Epoch [3/30] lr 0.09755 Loss 0.867, Train_acc 60.95
2026-03-17 11:07:42 [soyo.py] SOYO training: Task 3, Epoch [4/30] lr 0.09568 Loss 0.859, Train_acc 60.58
2026-03-17 11:07:53 [soyo.py] SOYO training: Task 3, Epoch [5/30] lr 0.09330 Loss 0.851, Train_acc 61.06
2026-03-17 11:08:05 [soyo.py] SOYO training: Task 3, Epoch [6/30] lr 0.09045 Loss 0.835, Train_acc 62.19
2026-03-17 11:08:16 [soyo.py] SOYO training: Task 3, Epoch [7/30] lr 0.08716 Loss 0.837, Train_acc 61.02
2026-03-17 11:08:27 [soyo.py] SOYO training: Task 3, Epoch [8/30] lr 0.08346 Loss 0.834, Train_acc 62.45
2026-03-17 11:08:39 [soyo.py] SOYO training: Task 3, Epoch [9/30] lr 0.07939 Loss 0.826, Train_acc 62.12
2026-03-17 11:08:50 [soyo.py] SOYO training: Task 3, Epoch [10/30] lr 0.07500 Loss 0.816, Train_acc 63.31
2026-03-17 11:09:02 [soyo.py] SOYO training: Task 3, Epoch [11/30] lr 0.07034 Loss 0.818, Train_acc 63.07
2026-03-17 11:09:13 [soyo.py] SOYO training: Task 3, Epoch [12/30] lr 0.06545 Loss 0.819, Train_acc 62.55
2026-03-17 11:09:24 [soyo.py] SOYO training: Task 3, Epoch [13/30] lr 0.06040 Loss 0.808, Train_acc 63.69
2026-03-17 11:09:36 [soyo.py] SOYO training: Task 3, Epoch [14/30] lr 0.05523 Loss 0.804, Train_acc 63.21
2026-03-17 11:09:47 [soyo.py] SOYO training: Task 3, Epoch [15/30] lr 0.05000 Loss 0.805, Train_acc 63.69
2026-03-17 11:09:58 [soyo.py] SOYO training: Task 3, Epoch [16/30] lr 0.04477 Loss 0.805, Train_acc 63.95
2026-03-17 11:10:10 [soyo.py] SOYO training: Task 3, Epoch [17/30] lr 0.03960 Loss 0.799, Train_acc 64.20
2026-03-17 11:10:21 [soyo.py] SOYO training: Task 3, Epoch [18/30] lr 0.03455 Loss 0.803, Train_acc 63.41
2026-03-17 11:10:33 [soyo.py] SOYO training: Task 3, Epoch [19/30] lr 0.02966 Loss 0.808, Train_acc 63.26
2026-03-17 11:10:44 [soyo.py] SOYO training: Task 3, Epoch [20/30] lr 0.02500 Loss 0.810, Train_acc 63.30
2026-03-17 11:10:56 [soyo.py] SOYO training: Task 3, Epoch [21/30] lr 0.02061 Loss 0.801, Train_acc 63.58
2026-03-17 11:11:07 [soyo.py] SOYO training: Task 3, Epoch [22/30] lr 0.01654 Loss 0.806, Train_acc 63.25
2026-03-17 11:11:18 [soyo.py] SOYO training: Task 3, Epoch [23/30] lr 0.01284 Loss 0.796, Train_acc 63.78
2026-03-17 11:11:30 [soyo.py] SOYO training: Task 3, Epoch [24/30] lr 0.00955 Loss 0.797, Train_acc 64.03
2026-03-17 11:11:41 [soyo.py] SOYO training: Task 3, Epoch [25/30] lr 0.00670 Loss 0.802, Train_acc 63.97
2026-03-17 11:11:53 [soyo.py] SOYO training: Task 3, Epoch [26/30] lr 0.00432 Loss 0.803, Train_acc 63.68
2026-03-17 11:12:04 [soyo.py] SOYO training: Task 3, Epoch [27/30] lr 0.00245 Loss 0.800, Train_acc 64.50
2026-03-17 11:12:16 [soyo.py] SOYO training: Task 3, Epoch [28/30] lr 0.00109 Loss 0.807, Train_acc 63.05
2026-03-17 11:12:27 [soyo.py] SOYO training: Task 3, Epoch [29/30] lr 0.00027 Loss 0.804, Train_acc 63.28
2026-03-17 11:12:38 [soyo.py] SOYO training: Task 3, Epoch [30/30] lr 0.00000 Loss 0.802, Train_acc 63.15
2026-03-17 11:12:38 [soyo.py] ==> Saving compression...
2026-03-17 11:12:51 [soyo.py]     used features: (7816, 768)
2026-03-17 11:12:51 [soyo.py]     saving compression: [(2, 768), (2, 768, 768), (2,)]
2026-03-17 11:12:51 [soyo.py]     have saved 3 groups of compression
2026-03-17 11:13:41 [trainer.py] CNN: {'total': np.float64(48.97), '0-5': np.float64(49.3), '6-11': np.float64(57.49), '12-17': np.float64(44.25), 'old': np.float64(51.09), 'new': np.float64(44.25)}
2026-03-17 11:13:41 [trainer.py] CNN top1 curve: [np.float64(47.92), np.float64(51.36), np.float64(48.97)]
2026-03-17 11:13:41 [soyo.py] Exemplar size: 0
2026-03-17 11:13:41 [trainer.py] Save the checkpoint task_2.pth
2026-03-17 11:13:41 [soyo.py] 
2026-03-17 11:13:41 [soyo.py] ==> Training task 3, Learning on 18-24
2026-03-17 11:13:41 [soyo.py]     len(train_dataset): 6117
2026-03-17 11:13:41 [soyo.py]     len(test_dataset): 7846
2026-03-17 11:13:41 [soyo.py] ==> Checking the parameter
2026-03-17 11:13:41 [soyo.py]     Total parameters: 92909254
2026-03-17 11:13:41 [soyo.py]     Trainable parameters: 316614
2026-03-17 11:13:41 [soyo.py]     Blocks:
2026-03-17 11:13:41 [soyo.py]         image_encoder: 91326184
2026-03-17 11:13:41 [soyo.py]         classifier: 23070
2026-03-17 11:13:41 [soyo.py]         prompt_pool: 38400
2026-03-17 11:13:41 [soyo.py]         down_pool: 738240
2026-03-17 11:13:41 [soyo.py]         up_pool: 783360
2026-03-17 11:13:41 [soyo.py]     Training:
2026-03-17 11:13:41 [soyo.py]         classifier.3.weight: torch.Size([6, 768])
2026-03-17 11:13:41 [soyo.py]         classifier.3.bias: torch.Size([6])
2026-03-17 11:13:41 [soyo.py]         prompt_pool.3.weight: torch.Size([10, 768])
2026-03-17 11:13:41 [soyo.py]         down_pool.3.0.weight: torch.Size([16, 768])
2026-03-17 11:13:41 [soyo.py]         down_pool.3.0.bias: torch.Size([16])
2026-03-17 11:13:41 [soyo.py]         down_pool.3.1.weight: torch.Size([16, 768])
2026-03-17 11:13:41 [soyo.py]         down_pool.3.1.bias: torch.Size([16])
2026-03-17 11:13:41 [soyo.py]         down_pool.3.2.weight: torch.Size([16, 768])
2026-03-17 11:13:41 [soyo.py]         down_pool.3.2.bias: torch.Size([16])
2026-03-17 11:13:41 [soyo.py]         down_pool.3.3.weight: torch.Size([16, 768])
2026-03-17 11:13:41 [soyo.py]         down_pool.3.3.bias: torch.Size([16])
2026-03-17 11:13:41 [soyo.py]         down_pool.3.4.weight: torch.Size([16, 768])
2026-03-17 11:13:41 [soyo.py]         down_pool.3.4.bias: torch.Size([16])
2026-03-17 11:13:41 [soyo.py]         down_pool.3.5.weight: torch.Size([16, 768])
2026-03-17 11:13:41 [soyo.py]         down_pool.3.5.bias: torch.Size([16])
2026-03-17 11:13:41 [soyo.py]         down_pool.3.6.weight: torch.Size([16, 768])
2026-03-17 11:13:41 [soyo.py]         down_pool.3.6.bias: torch.Size([16])
2026-03-17 11:13:41 [soyo.py]         down_pool.3.7.weight: torch.Size([16, 768])
2026-03-17 11:13:41 [soyo.py]         down_pool.3.7.bias: torch.Size([16])
2026-03-17 11:13:41 [soyo.py]         down_pool.3.8.weight: torch.Size([16, 768])
2026-03-17 11:13:41 [soyo.py]         down_pool.3.8.bias: torch.Size([16])
2026-03-17 11:13:41 [soyo.py]         down_pool.3.9.weight: torch.Size([16, 768])
2026-03-17 11:13:41 [soyo.py]         down_pool.3.9.bias: torch.Size([16])
2026-03-17 11:13:41 [soyo.py]         down_pool.3.10.weight: torch.Size([16, 768])
2026-03-17 11:13:41 [soyo.py]         down_pool.3.10.bias: torch.Size([16])
2026-03-17 11:13:41 [soyo.py]         down_pool.3.11.weight: torch.Size([16, 768])
2026-03-17 11:13:41 [soyo.py]         down_pool.3.11.bias: torch.Size([16])
2026-03-17 11:13:41 [soyo.py]         up_pool.3.0.weight: torch.Size([768, 16])
2026-03-17 11:13:41 [soyo.py]         up_pool.3.0.bias: torch.Size([768])
2026-03-17 11:13:41 [soyo.py]         up_pool.3.1.weight: torch.Size([768, 16])
2026-03-17 11:13:41 [soyo.py]         up_pool.3.1.bias: torch.Size([768])
2026-03-17 11:13:41 [soyo.py]         up_pool.3.2.weight: torch.Size([768, 16])
2026-03-17 11:13:41 [soyo.py]         up_pool.3.2.bias: torch.Size([768])
2026-03-17 11:13:41 [soyo.py]         up_pool.3.3.weight: torch.Size([768, 16])
2026-03-17 11:13:41 [soyo.py]         up_pool.3.3.bias: torch.Size([768])
2026-03-17 11:13:41 [soyo.py]         up_pool.3.4.weight: torch.Size([768, 16])
2026-03-17 11:13:41 [soyo.py]         up_pool.3.4.bias: torch.Size([768])
2026-03-17 11:13:41 [soyo.py]         up_pool.3.5.weight: torch.Size([768, 16])
2026-03-17 11:13:41 [soyo.py]         up_pool.3.5.bias: torch.Size([768])
2026-03-17 11:13:41 [soyo.py]         up_pool.3.6.weight: torch.Size([768, 16])
2026-03-17 11:13:41 [soyo.py]         up_pool.3.6.bias: torch.Size([768])
2026-03-17 11:13:41 [soyo.py]         up_pool.3.7.weight: torch.Size([768, 16])
2026-03-17 11:13:41 [soyo.py]         up_pool.3.7.bias: torch.Size([768])
2026-03-17 11:13:41 [soyo.py]         up_pool.3.8.weight: torch.Size([768, 16])
2026-03-17 11:13:41 [soyo.py]         up_pool.3.8.bias: torch.Size([768])
2026-03-17 11:13:41 [soyo.py]         up_pool.3.9.weight: torch.Size([768, 16])
2026-03-17 11:13:41 [soyo.py]         up_pool.3.9.bias: torch.Size([768])
2026-03-17 11:13:41 [soyo.py]         up_pool.3.10.weight: torch.Size([768, 16])
2026-03-17 11:13:41 [soyo.py]         up_pool.3.10.bias: torch.Size([768])
2026-03-17 11:13:41 [soyo.py]         up_pool.3.11.weight: torch.Size([768, 16])
2026-03-17 11:13:41 [soyo.py]         up_pool.3.11.bias: torch.Size([768])
2026-03-17 11:14:11 [soyo.py] Task 3, Epoch [1/30] lr 0.00997 Loss 46.821, Train_accy 44.87, Test_accy 6.82
2026-03-17 11:14:41 [soyo.py] Task 3, Epoch [2/30] lr 0.00989 Loss 3.210, Train_accy 52.72, Test_accy 37.03
2026-03-17 11:15:11 [soyo.py] Task 3, Epoch [3/30] lr 0.00976 Loss 1.135, Train_accy 64.44, Test_accy 37.03
2026-03-17 11:15:41 [soyo.py] Task 3, Epoch [4/30] lr 0.00957 Loss 1.137, Train_accy 62.56, Test_accy 37.03
2026-03-17 11:16:11 [soyo.py] Task 3, Epoch [5/30] lr 0.00933 Loss 1.124, Train_accy 64.44, Test_accy 37.03
2026-03-17 11:16:41 [soyo.py] Task 3, Epoch [6/30] lr 0.00905 Loss 1.129, Train_accy 62.60, Test_accy 37.03
2026-03-17 11:17:10 [soyo.py] Task 3, Epoch [7/30] lr 0.00872 Loss 1.116, Train_accy 63.77, Test_accy 37.03
2026-03-17 11:17:40 [soyo.py] Task 3, Epoch [8/30] lr 0.00835 Loss 1.154, Train_accy 62.19, Test_accy 37.03
2026-03-17 11:18:10 [soyo.py] Task 3, Epoch [9/30] lr 0.00794 Loss 1.121, Train_accy 63.53, Test_accy 37.03
2026-03-17 11:18:40 [soyo.py] Task 3, Epoch [10/30] lr 0.00750 Loss 1.131, Train_accy 63.45, Test_accy 37.03
2026-03-17 11:19:10 [soyo.py] Task 3, Epoch [11/30] lr 0.00703 Loss 1.106, Train_accy 63.36, Test_accy 37.03
2026-03-17 11:19:40 [soyo.py] Task 3, Epoch [12/30] lr 0.00655 Loss 1.115, Train_accy 64.44, Test_accy 37.03
2026-03-17 11:20:09 [soyo.py] Task 3, Epoch [13/30] lr 0.00604 Loss 1.099, Train_accy 64.44, Test_accy 37.03
2026-03-17 11:20:39 [soyo.py] Task 3, Epoch [14/30] lr 0.00552 Loss 1.100, Train_accy 64.44, Test_accy 37.03
2026-03-17 11:21:09 [soyo.py] Task 3, Epoch [15/30] lr 0.00500 Loss 1.097, Train_accy 64.44, Test_accy 37.03
2026-03-17 11:21:40 [soyo.py] Task 3, Epoch [16/30] lr 0.00448 Loss 1.108, Train_accy 64.44, Test_accy 37.03
2026-03-17 11:22:09 [soyo.py] Task 3, Epoch [17/30] lr 0.00396 Loss 1.098, Train_accy 64.44, Test_accy 37.03
2026-03-17 11:22:39 [soyo.py] Task 3, Epoch [18/30] lr 0.00345 Loss 1.100, Train_accy 64.44, Test_accy 37.03
2026-03-17 11:23:09 [soyo.py] Task 3, Epoch [19/30] lr 0.00297 Loss 1.094, Train_accy 64.44, Test_accy 37.03
2026-03-17 11:23:39 [soyo.py] Task 3, Epoch [20/30] lr 0.00250 Loss 1.090, Train_accy 64.44, Test_accy 37.03
2026-03-17 11:24:09 [soyo.py] Task 3, Epoch [21/30] lr 0.00206 Loss 1.089, Train_accy 64.44, Test_accy 37.03
2026-03-17 11:24:39 [soyo.py] Task 3, Epoch [22/30] lr 0.00165 Loss 1.089, Train_accy 64.44, Test_accy 37.03
2026-03-17 11:25:09 [soyo.py] Task 3, Epoch [23/30] lr 0.00128 Loss 1.090, Train_accy 64.44, Test_accy 37.03
2026-03-17 11:25:39 [soyo.py] Task 3, Epoch [24/30] lr 0.00095 Loss 1.086, Train_accy 64.44, Test_accy 37.03
2026-03-17 11:26:09 [soyo.py] Task 3, Epoch [25/30] lr 0.00067 Loss 1.084, Train_accy 64.44, Test_accy 37.03
2026-03-17 11:26:38 [soyo.py] Task 3, Epoch [26/30] lr 0.00043 Loss 1.087, Train_accy 64.44, Test_accy 37.03
2026-03-17 11:27:08 [soyo.py] Task 3, Epoch [27/30] lr 0.00024 Loss 1.082, Train_accy 64.44, Test_accy 37.03
2026-03-17 11:27:38 [soyo.py] Task 3, Epoch [28/30] lr 0.00011 Loss 1.082, Train_accy 64.44, Test_accy 37.03
2026-03-17 11:28:08 [soyo.py] Task 3, Epoch [29/30] lr 0.00003 Loss 1.082, Train_accy 64.44, Test_accy 37.03
2026-03-17 11:28:38 [soyo.py] Task 3, Epoch [30/30] lr 0.00000 Loss 1.081, Train_accy 64.44, Test_accy 37.03
2026-03-17 11:28:38 [soyo.py] ==> Start compress_train_resample
2026-03-17 11:28:39 [soyo.py]     use 96 old + 32 new samples for each batch
2026-03-17 11:28:39 [soyo.py] ==> Checking the SOYO parameter
2026-03-17 11:28:39 [soyo.py]     SOYO Training:
2026-03-17 11:28:39 [soyo.py]         soyo_clf.weight: torch.Size([5, 768])
2026-03-17 11:28:39 [soyo.py]         soyo_clf.bias: torch.Size([5])
2026-03-17 11:28:39 [soyo.py]     SOYO Total params: 3845
2026-03-17 11:28:39 [soyo.py]     SOYO Trainable params: 3845
2026-03-17 11:28:39 [soyo.py] ==> Start SOYO training
2026-03-17 11:28:48 [soyo.py] SOYO training: Task 4, Epoch [1/30] lr 0.09973 Loss 1.461, Train_acc 46.70
2026-03-17 11:28:57 [soyo.py] SOYO training: Task 4, Epoch [2/30] lr 0.09891 Loss 1.092, Train_acc 54.49
2026-03-17 11:29:06 [soyo.py] SOYO training: Task 4, Epoch [3/30] lr 0.09755 Loss 1.084, Train_acc 54.54
2026-03-17 11:29:15 [soyo.py] SOYO training: Task 4, Epoch [4/30] lr 0.09568 Loss 1.065, Train_acc 55.70
2026-03-17 11:29:24 [soyo.py] SOYO training: Task 4, Epoch [5/30] lr 0.09330 Loss 1.062, Train_acc 55.79
2026-03-17 11:29:33 [soyo.py] SOYO training: Task 4, Epoch [6/30] lr 0.09045 Loss 1.052, Train_acc 56.23
2026-03-17 11:29:42 [soyo.py] SOYO training: Task 4, Epoch [7/30] lr 0.08716 Loss 1.045, Train_acc 57.18
2026-03-17 11:29:51 [soyo.py] SOYO training: Task 4, Epoch [8/30] lr 0.08346 Loss 1.050, Train_acc 56.69
2026-03-17 11:30:00 [soyo.py] SOYO training: Task 4, Epoch [9/30] lr 0.07939 Loss 1.032, Train_acc 57.81
2026-03-17 11:30:10 [soyo.py] SOYO training: Task 4, Epoch [10/30] lr 0.07500 Loss 1.032, Train_acc 57.88
2026-03-17 11:30:19 [soyo.py] SOYO training: Task 4, Epoch [11/30] lr 0.07034 Loss 1.036, Train_acc 57.60
2026-03-17 11:30:28 [soyo.py] SOYO training: Task 4, Epoch [12/30] lr 0.06545 Loss 1.034, Train_acc 57.67
2026-03-17 11:30:37 [soyo.py] SOYO training: Task 4, Epoch [13/30] lr 0.06040 Loss 1.021, Train_acc 57.76
2026-03-17 11:30:46 [soyo.py] SOYO training: Task 4, Epoch [14/30] lr 0.05523 Loss 1.024, Train_acc 57.89
2026-03-17 11:30:55 [soyo.py] SOYO training: Task 4, Epoch [15/30] lr 0.05000 Loss 1.021, Train_acc 57.94
2026-03-17 11:31:05 [soyo.py] SOYO training: Task 4, Epoch [16/30] lr 0.04477 Loss 1.015, Train_acc 59.52
2026-03-17 11:31:14 [soyo.py] SOYO training: Task 4, Epoch [17/30] lr 0.03960 Loss 1.026, Train_acc 57.47
2026-03-17 11:31:23 [soyo.py] SOYO training: Task 4, Epoch [18/30] lr 0.03455 Loss 1.023, Train_acc 57.62
2026-03-17 11:31:32 [soyo.py] SOYO training: Task 4, Epoch [19/30] lr 0.02966 Loss 1.006, Train_acc 59.36
2026-03-17 11:31:41 [soyo.py] SOYO training: Task 4, Epoch [20/30] lr 0.02500 Loss 1.013, Train_acc 58.74
2026-03-17 11:31:50 [soyo.py] SOYO training: Task 4, Epoch [21/30] lr 0.02061 Loss 1.018, Train_acc 58.27
2026-03-17 11:31:59 [soyo.py] SOYO training: Task 4, Epoch [22/30] lr 0.01654 Loss 1.016, Train_acc 58.45
2026-03-17 11:32:08 [soyo.py] SOYO training: Task 4, Epoch [23/30] lr 0.01284 Loss 1.009, Train_acc 58.87
2026-03-17 11:32:17 [soyo.py] SOYO training: Task 4, Epoch [24/30] lr 0.00955 Loss 1.009, Train_acc 58.74
2026-03-17 11:32:26 [soyo.py] SOYO training: Task 4, Epoch [25/30] lr 0.00670 Loss 1.016, Train_acc 57.42
2026-03-17 11:32:35 [soyo.py] SOYO training: Task 4, Epoch [26/30] lr 0.00432 Loss 1.020, Train_acc 58.35
2026-03-17 11:32:44 [soyo.py] SOYO training: Task 4, Epoch [27/30] lr 0.00245 Loss 1.010, Train_acc 58.38
2026-03-17 11:32:54 [soyo.py] SOYO training: Task 4, Epoch [28/30] lr 0.00109 Loss 1.031, Train_acc 57.75
2026-03-17 11:33:03 [soyo.py] SOYO training: Task 4, Epoch [29/30] lr 0.00027 Loss 1.017, Train_acc 58.37
2026-03-17 11:33:12 [soyo.py] SOYO training: Task 4, Epoch [30/30] lr 0.00000 Loss 1.014, Train_acc 58.59
2026-03-17 11:33:12 [soyo.py] ==> Saving compression...
2026-03-17 11:33:23 [soyo.py]     used features: (6117, 768)
2026-03-17 11:33:23 [soyo.py]     saving compression: [(2, 768), (2, 768, 768), (2,)]
2026-03-17 11:33:23 [soyo.py]     have saved 4 groups of compression
2026-03-17 11:34:25 [trainer.py] CNN: {'total': np.float64(50.66), '0-5': np.float64(49.27), '6-11': np.float64(57.49), '12-17': np.float64(44.96), '18-23': np.float64(56.8), 'old': np.float64(49.18), 'new': np.float64(56.8)}
2026-03-17 11:34:25 [trainer.py] CNN top1 curve: [np.float64(47.92), np.float64(51.36), np.float64(48.97), np.float64(50.66)]
2026-03-17 11:34:25 [soyo.py] Exemplar size: 0
2026-03-17 11:34:26 [trainer.py] Save the checkpoint task_3.pth
2026-03-17 11:34:26 [soyo.py] 
2026-03-17 11:34:26 [soyo.py] ==> Training task 4, Learning on 24-30
2026-03-17 11:34:26 [soyo.py]     len(train_dataset): 9992
2026-03-17 11:34:26 [soyo.py]     len(test_dataset): 10345
2026-03-17 11:34:26 [soyo.py] ==> Checking the parameter
2026-03-17 11:34:26 [soyo.py]     Total parameters: 92909254
2026-03-17 11:34:26 [soyo.py]     Trainable parameters: 316614
2026-03-17 11:34:26 [soyo.py]     Blocks:
2026-03-17 11:34:26 [soyo.py]         image_encoder: 91326184
2026-03-17 11:34:26 [soyo.py]         classifier: 23070
2026-03-17 11:34:26 [soyo.py]         prompt_pool: 38400
2026-03-17 11:34:26 [soyo.py]         down_pool: 738240
2026-03-17 11:34:26 [soyo.py]         up_pool: 783360
2026-03-17 11:34:26 [soyo.py]     Training:
2026-03-17 11:34:26 [soyo.py]         classifier.4.weight: torch.Size([6, 768])
2026-03-17 11:34:26 [soyo.py]         classifier.4.bias: torch.Size([6])
2026-03-17 11:34:26 [soyo.py]         prompt_pool.4.weight: torch.Size([10, 768])
2026-03-17 11:34:26 [soyo.py]         down_pool.4.0.weight: torch.Size([16, 768])
2026-03-17 11:34:26 [soyo.py]         down_pool.4.0.bias: torch.Size([16])
2026-03-17 11:34:26 [soyo.py]         down_pool.4.1.weight: torch.Size([16, 768])
2026-03-17 11:34:26 [soyo.py]         down_pool.4.1.bias: torch.Size([16])
2026-03-17 11:34:26 [soyo.py]         down_pool.4.2.weight: torch.Size([16, 768])
2026-03-17 11:34:26 [soyo.py]         down_pool.4.2.bias: torch.Size([16])
2026-03-17 11:34:26 [soyo.py]         down_pool.4.3.weight: torch.Size([16, 768])
2026-03-17 11:34:26 [soyo.py]         down_pool.4.3.bias: torch.Size([16])
2026-03-17 11:34:26 [soyo.py]         down_pool.4.4.weight: torch.Size([16, 768])
2026-03-17 11:34:26 [soyo.py]         down_pool.4.4.bias: torch.Size([16])
2026-03-17 11:34:26 [soyo.py]         down_pool.4.5.weight: torch.Size([16, 768])
2026-03-17 11:34:26 [soyo.py]         down_pool.4.5.bias: torch.Size([16])
2026-03-17 11:34:26 [soyo.py]         down_pool.4.6.weight: torch.Size([16, 768])
2026-03-17 11:34:26 [soyo.py]         down_pool.4.6.bias: torch.Size([16])
2026-03-17 11:34:26 [soyo.py]         down_pool.4.7.weight: torch.Size([16, 768])
2026-03-17 11:34:26 [soyo.py]         down_pool.4.7.bias: torch.Size([16])
2026-03-17 11:34:26 [soyo.py]         down_pool.4.8.weight: torch.Size([16, 768])
2026-03-17 11:34:26 [soyo.py]         down_pool.4.8.bias: torch.Size([16])
2026-03-17 11:34:26 [soyo.py]         down_pool.4.9.weight: torch.Size([16, 768])
2026-03-17 11:34:26 [soyo.py]         down_pool.4.9.bias: torch.Size([16])
2026-03-17 11:34:26 [soyo.py]         down_pool.4.10.weight: torch.Size([16, 768])
2026-03-17 11:34:26 [soyo.py]         down_pool.4.10.bias: torch.Size([16])
2026-03-17 11:34:26 [soyo.py]         down_pool.4.11.weight: torch.Size([16, 768])
2026-03-17 11:34:26 [soyo.py]         down_pool.4.11.bias: torch.Size([16])
2026-03-17 11:34:26 [soyo.py]         up_pool.4.0.weight: torch.Size([768, 16])
2026-03-17 11:34:26 [soyo.py]         up_pool.4.0.bias: torch.Size([768])
2026-03-17 11:34:26 [soyo.py]         up_pool.4.1.weight: torch.Size([768, 16])
2026-03-17 11:34:26 [soyo.py]         up_pool.4.1.bias: torch.Size([768])
2026-03-17 11:34:26 [soyo.py]         up_pool.4.2.weight: torch.Size([768, 16])
2026-03-17 11:34:26 [soyo.py]         up_pool.4.2.bias: torch.Size([768])
2026-03-17 11:34:26 [soyo.py]         up_pool.4.3.weight: torch.Size([768, 16])
2026-03-17 11:34:26 [soyo.py]         up_pool.4.3.bias: torch.Size([768])
2026-03-17 11:34:26 [soyo.py]         up_pool.4.4.weight: torch.Size([768, 16])
2026-03-17 11:34:26 [soyo.py]         up_pool.4.4.bias: torch.Size([768])
2026-03-17 11:34:26 [soyo.py]         up_pool.4.5.weight: torch.Size([768, 16])
2026-03-17 11:34:26 [soyo.py]         up_pool.4.5.bias: torch.Size([768])
2026-03-17 11:34:26 [soyo.py]         up_pool.4.6.weight: torch.Size([768, 16])
2026-03-17 11:34:26 [soyo.py]         up_pool.4.6.bias: torch.Size([768])
2026-03-17 11:34:26 [soyo.py]         up_pool.4.7.weight: torch.Size([768, 16])
2026-03-17 11:34:26 [soyo.py]         up_pool.4.7.bias: torch.Size([768])
2026-03-17 11:34:26 [soyo.py]         up_pool.4.8.weight: torch.Size([768, 16])
2026-03-17 11:34:26 [soyo.py]         up_pool.4.8.bias: torch.Size([768])
2026-03-17 11:34:26 [soyo.py]         up_pool.4.9.weight: torch.Size([768, 16])
2026-03-17 11:34:26 [soyo.py]         up_pool.4.9.bias: torch.Size([768])
2026-03-17 11:34:26 [soyo.py]         up_pool.4.10.weight: torch.Size([768, 16])
2026-03-17 11:34:26 [soyo.py]         up_pool.4.10.bias: torch.Size([768])
2026-03-17 11:34:26 [soyo.py]         up_pool.4.11.weight: torch.Size([768, 16])
2026-03-17 11:34:26 [soyo.py]         up_pool.4.11.bias: torch.Size([768])
2026-03-17 11:35:10 [soyo.py] Task 4, Epoch [1/30] lr 0.00997 Loss 50.430, Train_accy 27.88, Test_accy 37.76
2026-03-17 11:35:55 [soyo.py] Task 4, Epoch [2/30] lr 0.00989 Loss 6.447, Train_accy 28.01, Test_accy 8.48
2026-03-17 11:36:40 [soyo.py] Task 4, Epoch [3/30] lr 0.00976 Loss 1.787, Train_accy 34.10, Test_accy 8.48
2026-03-17 11:37:25 [soyo.py] Task 4, Epoch [4/30] lr 0.00957 Loss 1.476, Train_accy 39.06, Test_accy 8.48
2026-03-17 11:38:09 [soyo.py] Task 4, Epoch [5/30] lr 0.00933 Loss 1.459, Train_accy 37.99, Test_accy 37.76
2026-03-17 11:38:54 [soyo.py] Task 4, Epoch [6/30] lr 0.00905 Loss 1.448, Train_accy 39.58, Test_accy 37.76
2026-03-17 11:39:39 [soyo.py] Task 4, Epoch [7/30] lr 0.00872 Loss 1.468, Train_accy 39.04, Test_accy 37.76
2026-03-17 11:40:23 [soyo.py] Task 4, Epoch [8/30] lr 0.00835 Loss 1.493, Train_accy 38.19, Test_accy 37.76
2026-03-17 11:41:08 [soyo.py] Task 4, Epoch [9/30] lr 0.00794 Loss 1.457, Train_accy 39.69, Test_accy 37.76
2026-03-17 11:41:53 [soyo.py] Task 4, Epoch [10/30] lr 0.00750 Loss 1.463, Train_accy 39.71, Test_accy 37.76
2026-03-17 11:42:38 [soyo.py] Task 4, Epoch [11/30] lr 0.00703 Loss 1.449, Train_accy 39.78, Test_accy 8.48
2026-03-17 11:43:22 [soyo.py] Task 4, Epoch [12/30] lr 0.00655 Loss 1.453, Train_accy 39.27, Test_accy 37.76
2026-03-17 11:44:07 [soyo.py] Task 4, Epoch [13/30] lr 0.00604 Loss 1.453, Train_accy 39.67, Test_accy 37.76
2026-03-17 11:44:52 [soyo.py] Task 4, Epoch [14/30] lr 0.00552 Loss 1.447, Train_accy 39.34, Test_accy 37.76
2026-03-17 11:45:37 [soyo.py] Task 4, Epoch [15/30] lr 0.00500 Loss 1.442, Train_accy 40.06, Test_accy 37.76
2026-03-17 11:46:22 [soyo.py] Task 4, Epoch [16/30] lr 0.00448 Loss 1.440, Train_accy 39.37, Test_accy 37.76
2026-03-17 11:47:07 [soyo.py] Task 4, Epoch [17/30] lr 0.00396 Loss 1.441, Train_accy 40.06, Test_accy 37.76
2026-03-17 11:47:51 [soyo.py] Task 4, Epoch [18/30] lr 0.00345 Loss 1.437, Train_accy 40.06, Test_accy 37.76
2026-03-17 11:48:36 [soyo.py] Task 4, Epoch [19/30] lr 0.00297 Loss 1.440, Train_accy 40.06, Test_accy 37.76
2026-03-17 11:49:21 [soyo.py] Task 4, Epoch [20/30] lr 0.00250 Loss 1.431, Train_accy 40.06, Test_accy 37.76
2026-03-17 11:50:05 [soyo.py] Task 4, Epoch [21/30] lr 0.00206 Loss 1.434, Train_accy 40.06, Test_accy 37.76
2026-03-17 11:50:50 [soyo.py] Task 4, Epoch [22/30] lr 0.00165 Loss 1.431, Train_accy 40.06, Test_accy 37.76
2026-03-17 11:51:35 [soyo.py] Task 4, Epoch [23/30] lr 0.00128 Loss 1.429, Train_accy 40.06, Test_accy 37.76
2026-03-17 11:52:19 [soyo.py] Task 4, Epoch [24/30] lr 0.00095 Loss 1.429, Train_accy 40.06, Test_accy 37.76
2026-03-17 11:53:04 [soyo.py] Task 4, Epoch [25/30] lr 0.00067 Loss 1.433, Train_accy 40.06, Test_accy 37.76
2026-03-17 11:53:49 [soyo.py] Task 4, Epoch [26/30] lr 0.00043 Loss 1.428, Train_accy 40.06, Test_accy 37.76
2026-03-17 11:54:33 [soyo.py] Task 4, Epoch [27/30] lr 0.00024 Loss 1.432, Train_accy 40.06, Test_accy 37.76
2026-03-17 11:55:18 [soyo.py] Task 4, Epoch [28/30] lr 0.00011 Loss 1.427, Train_accy 40.06, Test_accy 37.76
2026-03-17 11:56:02 [soyo.py] Task 4, Epoch [29/30] lr 0.00003 Loss 1.427, Train_accy 40.06, Test_accy 37.76
2026-03-17 11:56:47 [soyo.py] Task 4, Epoch [30/30] lr 0.00000 Loss 1.430, Train_accy 40.06, Test_accy 37.76
2026-03-17 11:56:47 [soyo.py] ==> Start compress_train_resample
2026-03-17 11:56:48 [soyo.py]     use 103 old + 25 new samples for each batch
2026-03-17 11:56:48 [soyo.py] ==> Checking the SOYO parameter
2026-03-17 11:56:48 [soyo.py]     SOYO Training:
2026-03-17 11:56:48 [soyo.py]         soyo_clf.weight: torch.Size([5, 768])
2026-03-17 11:56:48 [soyo.py]         soyo_clf.bias: torch.Size([5])
2026-03-17 11:56:48 [soyo.py]     SOYO Total params: 3845
2026-03-17 11:56:48 [soyo.py]     SOYO Trainable params: 3845
2026-03-17 11:56:48 [soyo.py] ==> Start SOYO training
2026-03-17 11:57:03 [soyo.py] SOYO training: Task 5, Epoch [1/30] lr 0.09973 Loss 1.463, Train_acc 44.73
2026-03-17 11:57:17 [soyo.py] SOYO training: Task 5, Epoch [2/30] lr 0.09891 Loss 1.264, Train_acc 48.20
2026-03-17 11:57:31 [soyo.py] SOYO training: Task 5, Epoch [3/30] lr 0.09755 Loss 1.244, Train_acc 49.27
2026-03-17 11:57:45 [soyo.py] SOYO training: Task 5, Epoch [4/30] lr 0.09568 Loss 1.233, Train_acc 50.19
2026-03-17 11:57:59 [soyo.py] SOYO training: Task 5, Epoch [5/30] lr 0.09330 Loss 1.219, Train_acc 50.77
2026-03-17 11:58:13 [soyo.py] SOYO training: Task 5, Epoch [6/30] lr 0.09045 Loss 1.201, Train_acc 51.97
2026-03-17 11:58:27 [soyo.py] SOYO training: Task 5, Epoch [7/30] lr 0.08716 Loss 1.201, Train_acc 51.92
2026-03-17 11:58:41 [soyo.py] SOYO training: Task 5, Epoch [8/30] lr 0.08346 Loss 1.202, Train_acc 52.11
2026-03-17 11:58:56 [soyo.py] SOYO training: Task 5, Epoch [9/30] lr 0.07939 Loss 1.200, Train_acc 51.79
2026-03-17 11:59:10 [soyo.py] SOYO training: Task 5, Epoch [10/30] lr 0.07500 Loss 1.194, Train_acc 52.32
2026-03-17 11:59:24 [soyo.py] SOYO training: Task 5, Epoch [11/30] lr 0.07034 Loss 1.188, Train_acc 52.71
2026-03-17 11:59:38 [soyo.py] SOYO training: Task 5, Epoch [12/30] lr 0.06545 Loss 1.168, Train_acc 54.22
2026-03-17 11:59:52 [soyo.py] SOYO training: Task 5, Epoch [13/30] lr 0.06040 Loss 1.179, Train_acc 53.08
2026-03-17 12:00:06 [soyo.py] SOYO training: Task 5, Epoch [14/30] lr 0.05523 Loss 1.177, Train_acc 53.53
2026-03-17 12:00:21 [soyo.py] SOYO training: Task 5, Epoch [15/30] lr 0.05000 Loss 1.174, Train_acc 53.49
2026-03-17 12:00:35 [soyo.py] SOYO training: Task 5, Epoch [16/30] lr 0.04477 Loss 1.171, Train_acc 53.79
2026-03-17 12:00:49 [soyo.py] SOYO training: Task 5, Epoch [17/30] lr 0.03960 Loss 1.174, Train_acc 52.99
2026-03-17 12:01:03 [soyo.py] SOYO training: Task 5, Epoch [18/30] lr 0.03455 Loss 1.164, Train_acc 53.66
2026-03-17 12:01:17 [soyo.py] SOYO training: Task 5, Epoch [19/30] lr 0.02966 Loss 1.169, Train_acc 53.85
2026-03-17 12:01:31 [soyo.py] SOYO training: Task 5, Epoch [20/30] lr 0.02500 Loss 1.173, Train_acc 53.30
2026-03-17 12:01:45 [soyo.py] SOYO training: Task 5, Epoch [21/30] lr 0.02061 Loss 1.167, Train_acc 53.74
2026-03-17 12:01:59 [soyo.py] SOYO training: Task 5, Epoch [22/30] lr 0.01654 Loss 1.170, Train_acc 53.47
2026-03-17 12:02:13 [soyo.py] SOYO training: Task 5, Epoch [23/30] lr 0.01284 Loss 1.150, Train_acc 55.01
2026-03-17 12:02:27 [soyo.py] SOYO training: Task 5, Epoch [24/30] lr 0.00955 Loss 1.163, Train_acc 53.61
2026-03-17 12:02:41 [soyo.py] SOYO training: Task 5, Epoch [25/30] lr 0.00670 Loss 1.155, Train_acc 55.11
2026-03-17 12:02:55 [soyo.py] SOYO training: Task 5, Epoch [26/30] lr 0.00432 Loss 1.159, Train_acc 54.63
2026-03-17 12:03:09 [soyo.py] SOYO training: Task 5, Epoch [27/30] lr 0.00245 Loss 1.155, Train_acc 54.97
2026-03-17 12:03:23 [soyo.py] SOYO training: Task 5, Epoch [28/30] lr 0.00109 Loss 1.171, Train_acc 53.36
2026-03-17 12:03:37 [soyo.py] SOYO training: Task 5, Epoch [29/30] lr 0.00027 Loss 1.158, Train_acc 54.18
2026-03-17 12:03:51 [soyo.py] SOYO training: Task 5, Epoch [30/30] lr 0.00000 Loss 1.160, Train_acc 54.14
2026-03-17 12:03:51 [soyo.py] ==> Saving compression...
2026-03-17 12:04:27 [soyo.py]     used features: (9992, 768)
2026-03-17 12:04:27 [soyo.py]     saving compression: [(2, 768), (2, 768, 768), (2,)]
2026-03-17 12:04:27 [soyo.py]     have saved 5 groups of compression
2026-03-17 12:05:51 [trainer.py] CNN: {'total': np.float64(47.6), '0-5': np.float64(49.74), '6-11': np.float64(57.07), '12-17': np.float64(43.94), '18-23': np.float64(56.93), '24-29': np.float64(38.22), 'old': np.float64(50.59), 'new': np.float64(38.22)}
2026-03-17 12:05:51 [trainer.py] CNN top1 curve: [np.float64(47.92), np.float64(51.36), np.float64(48.97), np.float64(50.66), np.float64(47.6)]
2026-03-17 12:05:51 [soyo.py] Exemplar size: 0
2026-03-17 12:05:52 [trainer.py] Save the checkpoint task_4.pth
2026-03-26 11:20:29 [trainer.py] Run Name: soyo_vit_deforest_dil
2026-03-26 11:20:29 [trainer.py] config: configs/deforest_dil_soyo_vit.yaml
2026-03-26 11:20:29 [trainer.py] device: [device(type='cuda', index=0)]
2026-03-26 11:20:29 [trainer.py] dataset: deforest_dil
2026-03-26 11:20:29 [trainer.py] data_path: /home/rizal/rizal_projects/DeforestDIL/datasets/deforest_dil
2026-03-26 11:20:29 [trainer.py] log_path: output
2026-03-26 11:20:29 [trainer.py] init_cls: 6
2026-03-26 11:20:29 [trainer.py] increment: 6
2026-03-26 11:20:29 [trainer.py] total_sessions: 5
2026-03-26 11:20:29 [trainer.py] order: 1
2026-03-26 11:20:29 [trainer.py] model_name: soyo
2026-03-26 11:20:29 [trainer.py] net_type: soyo_vit
2026-03-26 11:20:29 [trainer.py] image_dim: 768
2026-03-26 11:20:29 [trainer.py] prompt_length: 10
2026-03-26 11:20:29 [trainer.py] hidden_dim: 16
2026-03-26 11:20:29 [trainer.py] soyo_dim: 768
2026-03-26 11:20:29 [trainer.py] soyo_epoch: 30
2026-03-26 11:20:29 [trainer.py] soyo_lr: 0.1
2026-03-26 11:20:29 [trainer.py] soyo_weight_decay: 0.0002
2026-03-26 11:20:29 [trainer.py] init_epoch: 30
2026-03-26 11:20:29 [trainer.py] init_lr: 0.01
2026-03-26 11:20:29 [trainer.py] init_lr_decay: 0.1
2026-03-26 11:20:29 [trainer.py] init_weight_decay: 0.0002
2026-03-26 11:20:29 [trainer.py] epochs: 30
2026-03-26 11:20:29 [trainer.py] lr: 0.01
2026-03-26 11:20:29 [trainer.py] lr_decay: 0.1
2026-03-26 11:20:29 [trainer.py] weight_decay: 0.0002
2026-03-26 11:20:29 [trainer.py] batch_size: 128
2026-03-26 11:20:29 [trainer.py] seed: 0
2026-03-26 11:20:29 [trainer.py] num_workers: 16
2026-03-26 11:20:29 [trainer.py] memory_size: 0
2026-03-26 11:20:29 [trainer.py] memory_per_class: 0
2026-03-26 11:20:29 [trainer.py] fixed_memory: True
2026-03-26 11:20:29 [trainer.py] shuffle: False
2026-03-26 11:20:29 [trainer.py] EPSILON: 1e-08
2026-03-26 11:20:30 [soyo.py] 
2026-03-26 11:20:30 [soyo.py] ==> Training task 0, Learning on 0-6
2026-03-26 11:20:30 [soyo.py]     len(train_dataset): 13624
2026-03-26 11:20:30 [soyo.py]     len(test_dataset): 3406
2026-03-26 11:20:30 [soyo.py] ==> Checking the parameter
2026-03-26 11:20:30 [soyo.py]     Total parameters: 92909254
2026-03-26 11:20:30 [soyo.py]     Trainable parameters: 316614
2026-03-26 11:20:30 [soyo.py]     Blocks:
2026-03-26 11:20:30 [soyo.py]         image_encoder: 91326184
2026-03-26 11:20:30 [soyo.py]         classifier: 23070
2026-03-26 11:20:30 [soyo.py]         prompt_pool: 38400
2026-03-26 11:20:30 [soyo.py]         down_pool: 738240
2026-03-26 11:20:30 [soyo.py]         up_pool: 783360
2026-03-26 11:20:30 [soyo.py]     Training:
2026-03-26 11:20:30 [soyo.py]         classifier.0.weight: torch.Size([6, 768])
2026-03-26 11:20:30 [soyo.py]         classifier.0.bias: torch.Size([6])
2026-03-26 11:20:30 [soyo.py]         prompt_pool.0.weight: torch.Size([10, 768])
2026-03-26 11:20:30 [soyo.py]         down_pool.0.0.weight: torch.Size([16, 768])
2026-03-26 11:20:30 [soyo.py]         down_pool.0.0.bias: torch.Size([16])
2026-03-26 11:20:30 [soyo.py]         down_pool.0.1.weight: torch.Size([16, 768])
2026-03-26 11:20:30 [soyo.py]         down_pool.0.1.bias: torch.Size([16])
2026-03-26 11:20:30 [soyo.py]         down_pool.0.2.weight: torch.Size([16, 768])
2026-03-26 11:20:30 [soyo.py]         down_pool.0.2.bias: torch.Size([16])
2026-03-26 11:20:30 [soyo.py]         down_pool.0.3.weight: torch.Size([16, 768])
2026-03-26 11:20:30 [soyo.py]         down_pool.0.3.bias: torch.Size([16])
2026-03-26 11:20:30 [soyo.py]         down_pool.0.4.weight: torch.Size([16, 768])
2026-03-26 11:20:30 [soyo.py]         down_pool.0.4.bias: torch.Size([16])
2026-03-26 11:20:30 [soyo.py]         down_pool.0.5.weight: torch.Size([16, 768])
2026-03-26 11:20:30 [soyo.py]         down_pool.0.5.bias: torch.Size([16])
2026-03-26 11:20:30 [soyo.py]         down_pool.0.6.weight: torch.Size([16, 768])
2026-03-26 11:20:30 [soyo.py]         down_pool.0.6.bias: torch.Size([16])
2026-03-26 11:20:30 [soyo.py]         down_pool.0.7.weight: torch.Size([16, 768])
2026-03-26 11:20:30 [soyo.py]         down_pool.0.7.bias: torch.Size([16])
2026-03-26 11:20:30 [soyo.py]         down_pool.0.8.weight: torch.Size([16, 768])
2026-03-26 11:20:30 [soyo.py]         down_pool.0.8.bias: torch.Size([16])
2026-03-26 11:20:30 [soyo.py]         down_pool.0.9.weight: torch.Size([16, 768])
2026-03-26 11:20:30 [soyo.py]         down_pool.0.9.bias: torch.Size([16])
2026-03-26 11:20:30 [soyo.py]         down_pool.0.10.weight: torch.Size([16, 768])
2026-03-26 11:20:30 [soyo.py]         down_pool.0.10.bias: torch.Size([16])
2026-03-26 11:20:30 [soyo.py]         down_pool.0.11.weight: torch.Size([16, 768])
2026-03-26 11:20:30 [soyo.py]         down_pool.0.11.bias: torch.Size([16])
2026-03-26 11:20:30 [soyo.py]         up_pool.0.0.weight: torch.Size([768, 16])
2026-03-26 11:20:30 [soyo.py]         up_pool.0.0.bias: torch.Size([768])
2026-03-26 11:20:30 [soyo.py]         up_pool.0.1.weight: torch.Size([768, 16])
2026-03-26 11:20:30 [soyo.py]         up_pool.0.1.bias: torch.Size([768])
2026-03-26 11:20:30 [soyo.py]         up_pool.0.2.weight: torch.Size([768, 16])
2026-03-26 11:20:30 [soyo.py]         up_pool.0.2.bias: torch.Size([768])
2026-03-26 11:20:30 [soyo.py]         up_pool.0.3.weight: torch.Size([768, 16])
2026-03-26 11:20:30 [soyo.py]         up_pool.0.3.bias: torch.Size([768])
2026-03-26 11:20:30 [soyo.py]         up_pool.0.4.weight: torch.Size([768, 16])
2026-03-26 11:20:30 [soyo.py]         up_pool.0.4.bias: torch.Size([768])
2026-03-26 11:20:30 [soyo.py]         up_pool.0.5.weight: torch.Size([768, 16])
2026-03-26 11:20:30 [soyo.py]         up_pool.0.5.bias: torch.Size([768])
2026-03-26 11:20:30 [soyo.py]         up_pool.0.6.weight: torch.Size([768, 16])
2026-03-26 11:20:30 [soyo.py]         up_pool.0.6.bias: torch.Size([768])
2026-03-26 11:20:30 [soyo.py]         up_pool.0.7.weight: torch.Size([768, 16])
2026-03-26 11:20:30 [soyo.py]         up_pool.0.7.bias: torch.Size([768])
2026-03-26 11:20:30 [soyo.py]         up_pool.0.8.weight: torch.Size([768, 16])
2026-03-26 11:20:30 [soyo.py]         up_pool.0.8.bias: torch.Size([768])
2026-03-26 11:20:30 [soyo.py]         up_pool.0.9.weight: torch.Size([768, 16])
2026-03-26 11:20:30 [soyo.py]         up_pool.0.9.bias: torch.Size([768])
2026-03-26 11:20:30 [soyo.py]         up_pool.0.10.weight: torch.Size([768, 16])
2026-03-26 11:20:30 [soyo.py]         up_pool.0.10.bias: torch.Size([768])
2026-03-26 11:20:30 [soyo.py]         up_pool.0.11.weight: torch.Size([768, 16])
2026-03-26 11:20:30 [soyo.py]         up_pool.0.11.bias: torch.Size([768])
2026-03-26 11:21:11 [trainer.py] Run Name: soyo_vit_deforest_dil
2026-03-26 11:21:11 [trainer.py] config: configs/deforest_dil_soyo_vit.yaml
2026-03-26 11:21:11 [trainer.py] device: [device(type='cuda', index=0)]
2026-03-26 11:21:11 [trainer.py] dataset: deforest_dil
2026-03-26 11:21:11 [trainer.py] data_path: /home/rizal/rizal_projects/DeforestDIL/datasets/deforest_dil
2026-03-26 11:21:11 [trainer.py] log_path: output
2026-03-26 11:21:11 [trainer.py] init_cls: 6
2026-03-26 11:21:11 [trainer.py] increment: 6
2026-03-26 11:21:11 [trainer.py] total_sessions: 5
2026-03-26 11:21:11 [trainer.py] order: 1
2026-03-26 11:21:11 [trainer.py] model_name: soyo
2026-03-26 11:21:11 [trainer.py] net_type: soyo_vit
2026-03-26 11:21:11 [trainer.py] image_dim: 768
2026-03-26 11:21:11 [trainer.py] prompt_length: 10
2026-03-26 11:21:11 [trainer.py] hidden_dim: 16
2026-03-26 11:21:11 [trainer.py] soyo_dim: 768
2026-03-26 11:21:11 [trainer.py] soyo_epoch: 30
2026-03-26 11:21:11 [trainer.py] soyo_lr: 0.1
2026-03-26 11:21:11 [trainer.py] soyo_weight_decay: 0.0002
2026-03-26 11:21:11 [trainer.py] init_epoch: 30
2026-03-26 11:21:11 [trainer.py] init_lr: 0.01
2026-03-26 11:21:11 [trainer.py] init_lr_decay: 0.1
2026-03-26 11:21:11 [trainer.py] init_weight_decay: 0.0002
2026-03-26 11:21:11 [trainer.py] epochs: 30
2026-03-26 11:21:11 [trainer.py] lr: 0.01
2026-03-26 11:21:11 [trainer.py] lr_decay: 0.1
2026-03-26 11:21:11 [trainer.py] weight_decay: 0.0002
2026-03-26 11:21:11 [trainer.py] batch_size: 128
2026-03-26 11:21:11 [trainer.py] seed: 0
2026-03-26 11:21:11 [trainer.py] num_workers: 16
2026-03-26 11:21:11 [trainer.py] memory_size: 0
2026-03-26 11:21:11 [trainer.py] memory_per_class: 0
2026-03-26 11:21:11 [trainer.py] fixed_memory: True
2026-03-26 11:21:11 [trainer.py] shuffle: False
2026-03-26 11:21:11 [trainer.py] EPSILON: 1e-08
2026-03-26 11:21:12 [soyo.py] 
2026-03-26 11:21:12 [soyo.py] ==> Training task 0, Learning on 0-6
2026-03-26 11:21:12 [soyo.py]     len(train_dataset): 13624
2026-03-26 11:21:12 [soyo.py]     len(test_dataset): 3406
2026-03-26 11:21:12 [soyo.py] ==> Checking the parameter
2026-03-26 11:21:12 [soyo.py]     Total parameters: 92909254
2026-03-26 11:21:12 [soyo.py]     Trainable parameters: 316614
2026-03-26 11:21:12 [soyo.py]     Blocks:
2026-03-26 11:21:12 [soyo.py]         image_encoder: 91326184
2026-03-26 11:21:12 [soyo.py]         classifier: 23070
2026-03-26 11:21:12 [soyo.py]         prompt_pool: 38400
2026-03-26 11:21:12 [soyo.py]         down_pool: 738240
2026-03-26 11:21:12 [soyo.py]         up_pool: 783360
2026-03-26 11:21:12 [soyo.py]     Training:
2026-03-26 11:21:12 [soyo.py]         classifier.0.weight: torch.Size([6, 768])
2026-03-26 11:21:12 [soyo.py]         classifier.0.bias: torch.Size([6])
2026-03-26 11:21:12 [soyo.py]         prompt_pool.0.weight: torch.Size([10, 768])
2026-03-26 11:21:12 [soyo.py]         down_pool.0.0.weight: torch.Size([16, 768])
2026-03-26 11:21:12 [soyo.py]         down_pool.0.0.bias: torch.Size([16])
2026-03-26 11:21:12 [soyo.py]         down_pool.0.1.weight: torch.Size([16, 768])
2026-03-26 11:21:12 [soyo.py]         down_pool.0.1.bias: torch.Size([16])
2026-03-26 11:21:12 [soyo.py]         down_pool.0.2.weight: torch.Size([16, 768])
2026-03-26 11:21:12 [soyo.py]         down_pool.0.2.bias: torch.Size([16])
2026-03-26 11:21:12 [soyo.py]         down_pool.0.3.weight: torch.Size([16, 768])
2026-03-26 11:21:12 [soyo.py]         down_pool.0.3.bias: torch.Size([16])
2026-03-26 11:21:12 [soyo.py]         down_pool.0.4.weight: torch.Size([16, 768])
2026-03-26 11:21:12 [soyo.py]         down_pool.0.4.bias: torch.Size([16])
2026-03-26 11:21:12 [soyo.py]         down_pool.0.5.weight: torch.Size([16, 768])
2026-03-26 11:21:12 [soyo.py]         down_pool.0.5.bias: torch.Size([16])
2026-03-26 11:21:12 [soyo.py]         down_pool.0.6.weight: torch.Size([16, 768])
2026-03-26 11:21:12 [soyo.py]         down_pool.0.6.bias: torch.Size([16])
2026-03-26 11:21:12 [soyo.py]         down_pool.0.7.weight: torch.Size([16, 768])
2026-03-26 11:21:12 [soyo.py]         down_pool.0.7.bias: torch.Size([16])
2026-03-26 11:21:12 [soyo.py]         down_pool.0.8.weight: torch.Size([16, 768])
2026-03-26 11:21:12 [soyo.py]         down_pool.0.8.bias: torch.Size([16])
2026-03-26 11:21:12 [soyo.py]         down_pool.0.9.weight: torch.Size([16, 768])
2026-03-26 11:21:12 [soyo.py]         down_pool.0.9.bias: torch.Size([16])
2026-03-26 11:21:12 [soyo.py]         down_pool.0.10.weight: torch.Size([16, 768])
2026-03-26 11:21:12 [soyo.py]         down_pool.0.10.bias: torch.Size([16])
2026-03-26 11:21:12 [soyo.py]         down_pool.0.11.weight: torch.Size([16, 768])
2026-03-26 11:21:12 [soyo.py]         down_pool.0.11.bias: torch.Size([16])
2026-03-26 11:21:12 [soyo.py]         up_pool.0.0.weight: torch.Size([768, 16])
2026-03-26 11:21:12 [soyo.py]         up_pool.0.0.bias: torch.Size([768])
2026-03-26 11:21:12 [soyo.py]         up_pool.0.1.weight: torch.Size([768, 16])
2026-03-26 11:21:12 [soyo.py]         up_pool.0.1.bias: torch.Size([768])
2026-03-26 11:21:12 [soyo.py]         up_pool.0.2.weight: torch.Size([768, 16])
2026-03-26 11:21:12 [soyo.py]         up_pool.0.2.bias: torch.Size([768])
2026-03-26 11:21:12 [soyo.py]         up_pool.0.3.weight: torch.Size([768, 16])
2026-03-26 11:21:12 [soyo.py]         up_pool.0.3.bias: torch.Size([768])
2026-03-26 11:21:12 [soyo.py]         up_pool.0.4.weight: torch.Size([768, 16])
2026-03-26 11:21:12 [soyo.py]         up_pool.0.4.bias: torch.Size([768])
2026-03-26 11:21:12 [soyo.py]         up_pool.0.5.weight: torch.Size([768, 16])
2026-03-26 11:21:12 [soyo.py]         up_pool.0.5.bias: torch.Size([768])
2026-03-26 11:21:12 [soyo.py]         up_pool.0.6.weight: torch.Size([768, 16])
2026-03-26 11:21:12 [soyo.py]         up_pool.0.6.bias: torch.Size([768])
2026-03-26 11:21:12 [soyo.py]         up_pool.0.7.weight: torch.Size([768, 16])
2026-03-26 11:21:12 [soyo.py]         up_pool.0.7.bias: torch.Size([768])
2026-03-26 11:21:12 [soyo.py]         up_pool.0.8.weight: torch.Size([768, 16])
2026-03-26 11:21:12 [soyo.py]         up_pool.0.8.bias: torch.Size([768])
2026-03-26 11:21:12 [soyo.py]         up_pool.0.9.weight: torch.Size([768, 16])
2026-03-26 11:21:12 [soyo.py]         up_pool.0.9.bias: torch.Size([768])
2026-03-26 11:21:12 [soyo.py]         up_pool.0.10.weight: torch.Size([768, 16])
2026-03-26 11:21:12 [soyo.py]         up_pool.0.10.bias: torch.Size([768])
2026-03-26 11:21:12 [soyo.py]         up_pool.0.11.weight: torch.Size([768, 16])
2026-03-26 11:21:12 [soyo.py]         up_pool.0.11.bias: torch.Size([768])
2026-03-26 11:21:57 [soyo.py] Task 0, Epoch [1/30] lr 0.00997 Loss 52.769, Train_accy 32.46, Test_accy 47.92
2026-03-26 11:22:41 [soyo.py] Task 0, Epoch [2/30] lr 0.00989 Loss 15.100, Train_accy 35.19, Test_accy 47.92
2026-03-26 11:23:26 [soyo.py] Task 0, Epoch [3/30] lr 0.00976 Loss 1.598, Train_accy 43.54, Test_accy 47.92
2026-03-26 11:24:11 [soyo.py] Task 0, Epoch [4/30] lr 0.00957 Loss 1.415, Train_accy 43.45, Test_accy 47.92
2026-03-26 11:24:56 [soyo.py] Task 0, Epoch [5/30] lr 0.00933 Loss 1.338, Train_accy 44.34, Test_accy 47.92
2026-03-26 11:25:41 [soyo.py] Task 0, Epoch [6/30] lr 0.00905 Loss 1.347, Train_accy 44.67, Test_accy 47.92
2026-03-26 11:26:26 [soyo.py] Task 0, Epoch [7/30] lr 0.00872 Loss 1.322, Train_accy 46.54, Test_accy 47.92
2026-03-26 11:27:11 [soyo.py] Task 0, Epoch [8/30] lr 0.00835 Loss 1.322, Train_accy 46.98, Test_accy 47.92
2026-03-26 11:27:56 [soyo.py] Task 0, Epoch [9/30] lr 0.00794 Loss 1.323, Train_accy 46.06, Test_accy 47.92
2026-03-26 11:28:41 [soyo.py] Task 0, Epoch [10/30] lr 0.00750 Loss 1.315, Train_accy 47.35, Test_accy 47.92
2026-03-26 11:29:26 [soyo.py] Task 0, Epoch [11/30] lr 0.00703 Loss 1.311, Train_accy 47.50, Test_accy 47.92
2026-03-26 11:30:11 [soyo.py] Task 0, Epoch [12/30] lr 0.00655 Loss 1.314, Train_accy 47.17, Test_accy 47.92
2026-03-26 11:30:56 [soyo.py] Task 0, Epoch [13/30] lr 0.00604 Loss 1.312, Train_accy 47.93, Test_accy 47.92
2026-03-26 11:31:41 [soyo.py] Task 0, Epoch [14/30] lr 0.00552 Loss 1.318, Train_accy 47.53, Test_accy 47.92
2026-03-26 11:32:26 [soyo.py] Task 0, Epoch [15/30] lr 0.00500 Loss 1.311, Train_accy 47.93, Test_accy 47.92
2026-03-26 11:33:11 [soyo.py] Task 0, Epoch [16/30] lr 0.00448 Loss 1.309, Train_accy 47.31, Test_accy 47.92
2026-03-26 11:33:56 [soyo.py] Task 0, Epoch [17/30] lr 0.00396 Loss 1.305, Train_accy 47.93, Test_accy 47.92
2026-03-26 11:34:42 [soyo.py] Task 0, Epoch [18/30] lr 0.00345 Loss 1.303, Train_accy 47.93, Test_accy 47.92
2026-03-26 11:35:27 [soyo.py] Task 0, Epoch [19/30] lr 0.00297 Loss 1.305, Train_accy 47.93, Test_accy 47.92
2026-03-26 11:36:11 [soyo.py] Task 0, Epoch [20/30] lr 0.00250 Loss 1.302, Train_accy 47.93, Test_accy 47.92
2026-03-26 11:36:56 [soyo.py] Task 0, Epoch [21/30] lr 0.00206 Loss 1.303, Train_accy 47.93, Test_accy 47.92
2026-03-26 11:37:41 [soyo.py] Task 0, Epoch [22/30] lr 0.00165 Loss 1.301, Train_accy 47.93, Test_accy 47.92
2026-03-26 11:38:27 [soyo.py] Task 0, Epoch [23/30] lr 0.00128 Loss 1.302, Train_accy 47.93, Test_accy 47.92
2026-03-26 11:39:12 [soyo.py] Task 0, Epoch [24/30] lr 0.00095 Loss 1.301, Train_accy 47.93, Test_accy 47.92
2026-03-26 11:39:57 [soyo.py] Task 0, Epoch [25/30] lr 0.00067 Loss 1.300, Train_accy 47.93, Test_accy 47.92
2026-03-26 11:40:42 [soyo.py] Task 0, Epoch [26/30] lr 0.00043 Loss 1.299, Train_accy 47.93, Test_accy 47.92
2026-03-26 11:41:27 [soyo.py] Task 0, Epoch [27/30] lr 0.00024 Loss 1.299, Train_accy 47.93, Test_accy 47.92
2026-03-26 11:42:12 [soyo.py] Task 0, Epoch [28/30] lr 0.00011 Loss 1.299, Train_accy 47.93, Test_accy 47.92
2026-03-26 11:42:57 [soyo.py] Task 0, Epoch [29/30] lr 0.00003 Loss 1.298, Train_accy 47.93, Test_accy 47.92
2026-03-26 11:43:42 [soyo.py] Task 0, Epoch [30/30] lr 0.00000 Loss 1.299, Train_accy 47.93, Test_accy 47.92
2026-03-26 11:43:42 [soyo.py] ==> Start compress_train_resample
2026-03-26 11:43:42 [soyo.py]     use 0 old + 128 new samples for each batch
2026-03-26 11:43:42 [soyo.py] ==> Checking the SOYO parameter
2026-03-26 11:43:42 [soyo.py]     SOYO Training:
2026-03-26 11:43:42 [soyo.py]         soyo_clf.weight: torch.Size([5, 768])
2026-03-26 11:43:42 [soyo.py]         soyo_clf.bias: torch.Size([5])
2026-03-26 11:43:42 [soyo.py]     SOYO Total params: 3845
2026-03-26 11:43:42 [soyo.py]     SOYO Trainable params: 3845
2026-03-26 11:43:42 [soyo.py] ==> Start SOYO training
2026-03-26 11:44:01 [soyo.py] SOYO training: Task 1, Epoch [1/30] lr 0.09973 Loss 0.072, Train_acc 99.07
2026-03-26 11:44:19 [soyo.py] SOYO training: Task 1, Epoch [2/30] lr 0.09891 Loss 0.001, Train_acc 100.00
2026-03-26 11:44:38 [soyo.py] SOYO training: Task 1, Epoch [3/30] lr 0.09755 Loss 0.001, Train_acc 100.00
2026-03-26 11:44:57 [soyo.py] SOYO training: Task 1, Epoch [4/30] lr 0.09568 Loss 0.001, Train_acc 100.00
2026-03-26 11:45:15 [soyo.py] SOYO training: Task 1, Epoch [5/30] lr 0.09330 Loss 0.001, Train_acc 100.00
2026-03-26 11:45:34 [soyo.py] SOYO training: Task 1, Epoch [6/30] lr 0.09045 Loss 0.001, Train_acc 100.00
2026-03-26 11:45:53 [soyo.py] SOYO training: Task 1, Epoch [7/30] lr 0.08716 Loss 0.001, Train_acc 100.00
2026-03-26 11:46:11 [soyo.py] SOYO training: Task 1, Epoch [8/30] lr 0.08346 Loss 0.001, Train_acc 100.00
2026-03-26 11:46:30 [soyo.py] SOYO training: Task 1, Epoch [9/30] lr 0.07939 Loss 0.001, Train_acc 100.00
2026-03-26 11:46:48 [soyo.py] SOYO training: Task 1, Epoch [10/30] lr 0.07500 Loss 0.001, Train_acc 100.00
2026-03-26 11:47:07 [soyo.py] SOYO training: Task 1, Epoch [11/30] lr 0.07034 Loss 0.001, Train_acc 100.00
2026-03-26 11:47:25 [soyo.py] SOYO training: Task 1, Epoch [12/30] lr 0.06545 Loss 0.001, Train_acc 100.00
2026-03-26 11:47:44 [soyo.py] SOYO training: Task 1, Epoch [13/30] lr 0.06040 Loss 0.001, Train_acc 100.00
2026-03-26 11:48:03 [soyo.py] SOYO training: Task 1, Epoch [14/30] lr 0.05523 Loss 0.001, Train_acc 100.00
2026-03-26 11:48:21 [soyo.py] SOYO training: Task 1, Epoch [15/30] lr 0.05000 Loss 0.001, Train_acc 100.00
2026-03-26 11:48:40 [soyo.py] SOYO training: Task 1, Epoch [16/30] lr 0.04477 Loss 0.001, Train_acc 100.00
2026-03-26 11:48:59 [soyo.py] SOYO training: Task 1, Epoch [17/30] lr 0.03960 Loss 0.001, Train_acc 100.00
2026-03-26 11:49:17 [soyo.py] SOYO training: Task 1, Epoch [18/30] lr 0.03455 Loss 0.001, Train_acc 100.00
2026-03-26 11:49:36 [soyo.py] SOYO training: Task 1, Epoch [19/30] lr 0.02966 Loss 0.001, Train_acc 100.00
2026-03-26 11:49:55 [soyo.py] SOYO training: Task 1, Epoch [20/30] lr 0.02500 Loss 0.001, Train_acc 100.00
2026-03-26 11:50:13 [soyo.py] SOYO training: Task 1, Epoch [21/30] lr 0.02061 Loss 0.001, Train_acc 100.00
2026-03-26 11:50:32 [soyo.py] SOYO training: Task 1, Epoch [22/30] lr 0.01654 Loss 0.001, Train_acc 100.00
2026-03-26 11:50:50 [soyo.py] SOYO training: Task 1, Epoch [23/30] lr 0.01284 Loss 0.001, Train_acc 100.00
2026-03-26 11:51:09 [soyo.py] SOYO training: Task 1, Epoch [24/30] lr 0.00955 Loss 0.001, Train_acc 100.00
2026-03-26 11:51:28 [soyo.py] SOYO training: Task 1, Epoch [25/30] lr 0.00670 Loss 0.001, Train_acc 100.00
2026-03-26 11:51:46 [soyo.py] SOYO training: Task 1, Epoch [26/30] lr 0.00432 Loss 0.001, Train_acc 100.00
2026-03-26 11:52:05 [soyo.py] SOYO training: Task 1, Epoch [27/30] lr 0.00245 Loss 0.001, Train_acc 100.00
2026-03-26 11:52:23 [soyo.py] SOYO training: Task 1, Epoch [28/30] lr 0.00109 Loss 0.001, Train_acc 100.00
2026-03-26 11:52:42 [soyo.py] SOYO training: Task 1, Epoch [29/30] lr 0.00027 Loss 0.001, Train_acc 100.00
2026-03-26 11:53:00 [soyo.py] SOYO training: Task 1, Epoch [30/30] lr 0.00000 Loss 0.001, Train_acc 100.00
2026-03-26 11:53:00 [soyo.py] ==> Saving compression...
2026-03-26 11:53:26 [soyo.py]     used features: (13624, 768)
2026-03-26 11:53:26 [soyo.py]     saving compression: [(2, 768), (2, 768, 768), (2,)]
2026-03-26 11:53:26 [soyo.py]     have saved 1 groups of compression
2026-03-26 11:53:53 [soyo.py] Domain routing accuracy on test set: 100.00%
2026-03-26 11:53:53 [trainer.py] CNN: {'total': np.float64(47.92), '0-5': np.float64(47.92), 'old': 0, 'new': np.float64(47.92)}
2026-03-26 11:53:53 [trainer.py] CNN top1 curve: [np.float64(47.92)]
2026-03-26 11:53:53 [trainer.py] Domain classification accuracies (after each task): [np.float64(100.0)] -> Avg.: 100.0
2026-03-26 11:53:53 [soyo.py] Exemplar size: 0
2026-03-26 11:53:54 [trainer.py] Save the checkpoint task_0.pth
2026-03-26 11:53:54 [soyo.py] 
2026-03-26 11:53:54 [soyo.py] ==> Training task 1, Learning on 6-12
2026-03-26 11:53:54 [soyo.py]     len(train_dataset): 3816
2026-03-26 11:53:54 [soyo.py]     len(test_dataset): 4361
2026-03-26 11:53:54 [soyo.py] ==> Checking the parameter
2026-03-26 11:53:54 [soyo.py]     Total parameters: 92909254
2026-03-26 11:53:54 [soyo.py]     Trainable parameters: 316614
2026-03-26 11:53:54 [soyo.py]     Blocks:
2026-03-26 11:53:54 [soyo.py]         image_encoder: 91326184
2026-03-26 11:53:54 [soyo.py]         classifier: 23070
2026-03-26 11:53:54 [soyo.py]         prompt_pool: 38400
2026-03-26 11:53:54 [soyo.py]         down_pool: 738240
2026-03-26 11:53:54 [soyo.py]         up_pool: 783360
2026-03-26 11:53:54 [soyo.py]     Training:
2026-03-26 11:53:54 [soyo.py]         classifier.1.weight: torch.Size([6, 768])
2026-03-26 11:53:54 [soyo.py]         classifier.1.bias: torch.Size([6])
2026-03-26 11:53:54 [soyo.py]         prompt_pool.1.weight: torch.Size([10, 768])
2026-03-26 11:53:54 [soyo.py]         down_pool.1.0.weight: torch.Size([16, 768])
2026-03-26 11:53:54 [soyo.py]         down_pool.1.0.bias: torch.Size([16])
2026-03-26 11:53:54 [soyo.py]         down_pool.1.1.weight: torch.Size([16, 768])
2026-03-26 11:53:54 [soyo.py]         down_pool.1.1.bias: torch.Size([16])
2026-03-26 11:53:54 [soyo.py]         down_pool.1.2.weight: torch.Size([16, 768])
2026-03-26 11:53:54 [soyo.py]         down_pool.1.2.bias: torch.Size([16])
2026-03-26 11:53:54 [soyo.py]         down_pool.1.3.weight: torch.Size([16, 768])
2026-03-26 11:53:54 [soyo.py]         down_pool.1.3.bias: torch.Size([16])
2026-03-26 11:53:54 [soyo.py]         down_pool.1.4.weight: torch.Size([16, 768])
2026-03-26 11:53:54 [soyo.py]         down_pool.1.4.bias: torch.Size([16])
2026-03-26 11:53:54 [soyo.py]         down_pool.1.5.weight: torch.Size([16, 768])
2026-03-26 11:53:54 [soyo.py]         down_pool.1.5.bias: torch.Size([16])
2026-03-26 11:53:54 [soyo.py]         down_pool.1.6.weight: torch.Size([16, 768])
2026-03-26 11:53:54 [soyo.py]         down_pool.1.6.bias: torch.Size([16])
2026-03-26 11:53:54 [soyo.py]         down_pool.1.7.weight: torch.Size([16, 768])
2026-03-26 11:53:54 [soyo.py]         down_pool.1.7.bias: torch.Size([16])
2026-03-26 11:53:54 [soyo.py]         down_pool.1.8.weight: torch.Size([16, 768])
2026-03-26 11:53:54 [soyo.py]         down_pool.1.8.bias: torch.Size([16])
2026-03-26 11:53:54 [soyo.py]         down_pool.1.9.weight: torch.Size([16, 768])
2026-03-26 11:53:54 [soyo.py]         down_pool.1.9.bias: torch.Size([16])
2026-03-26 11:53:54 [soyo.py]         down_pool.1.10.weight: torch.Size([16, 768])
2026-03-26 11:53:54 [soyo.py]         down_pool.1.10.bias: torch.Size([16])
2026-03-26 11:53:54 [soyo.py]         down_pool.1.11.weight: torch.Size([16, 768])
2026-03-26 11:53:54 [soyo.py]         down_pool.1.11.bias: torch.Size([16])
2026-03-26 11:53:54 [soyo.py]         up_pool.1.0.weight: torch.Size([768, 16])
2026-03-26 11:53:54 [soyo.py]         up_pool.1.0.bias: torch.Size([768])
2026-03-26 11:53:54 [soyo.py]         up_pool.1.1.weight: torch.Size([768, 16])
2026-03-26 11:53:54 [soyo.py]         up_pool.1.1.bias: torch.Size([768])
2026-03-26 11:53:54 [soyo.py]         up_pool.1.2.weight: torch.Size([768, 16])
2026-03-26 11:53:54 [soyo.py]         up_pool.1.2.bias: torch.Size([768])
2026-03-26 11:53:54 [soyo.py]         up_pool.1.3.weight: torch.Size([768, 16])
2026-03-26 11:53:54 [soyo.py]         up_pool.1.3.bias: torch.Size([768])
2026-03-26 11:53:54 [soyo.py]         up_pool.1.4.weight: torch.Size([768, 16])
2026-03-26 11:53:54 [soyo.py]         up_pool.1.4.bias: torch.Size([768])
2026-03-26 11:53:54 [soyo.py]         up_pool.1.5.weight: torch.Size([768, 16])
2026-03-26 11:53:54 [soyo.py]         up_pool.1.5.bias: torch.Size([768])
2026-03-26 11:53:54 [soyo.py]         up_pool.1.6.weight: torch.Size([768, 16])
2026-03-26 11:53:54 [soyo.py]         up_pool.1.6.bias: torch.Size([768])
2026-03-26 11:53:54 [soyo.py]         up_pool.1.7.weight: torch.Size([768, 16])
2026-03-26 11:53:54 [soyo.py]         up_pool.1.7.bias: torch.Size([768])
2026-03-26 11:53:54 [soyo.py]         up_pool.1.8.weight: torch.Size([768, 16])
2026-03-26 11:53:54 [soyo.py]         up_pool.1.8.bias: torch.Size([768])
2026-03-26 11:53:54 [soyo.py]         up_pool.1.9.weight: torch.Size([768, 16])
2026-03-26 11:53:54 [soyo.py]         up_pool.1.9.bias: torch.Size([768])
2026-03-26 11:53:54 [soyo.py]         up_pool.1.10.weight: torch.Size([768, 16])
2026-03-26 11:53:54 [soyo.py]         up_pool.1.10.bias: torch.Size([768])
2026-03-26 11:53:54 [soyo.py]         up_pool.1.11.weight: torch.Size([768, 16])
2026-03-26 11:53:54 [soyo.py]         up_pool.1.11.bias: torch.Size([768])
2026-03-26 11:54:13 [soyo.py] Task 1, Epoch [1/30] lr 0.00997 Loss 51.184, Train_accy 39.86, Test_accy 36.09
2026-03-26 11:54:32 [soyo.py] Task 1, Epoch [2/30] lr 0.00989 Loss 68.234, Train_accy 42.30, Test_accy 0.60
2026-03-26 11:54:50 [soyo.py] Task 1, Epoch [3/30] lr 0.00976 Loss 50.034, Train_accy 39.62, Test_accy 36.09
2026-03-26 11:55:09 [soyo.py] Task 1, Epoch [4/30] lr 0.00957 Loss 29.945, Train_accy 40.99, Test_accy 36.09
2026-03-26 11:55:28 [soyo.py] Task 1, Epoch [5/30] lr 0.00933 Loss 50.052, Train_accy 41.98, Test_accy 36.09
2026-03-26 11:55:47 [soyo.py] Task 1, Epoch [6/30] lr 0.00905 Loss 39.210, Train_accy 41.77, Test_accy 36.09
2026-03-26 11:56:06 [soyo.py] Task 1, Epoch [7/30] lr 0.00872 Loss 27.433, Train_accy 42.45, Test_accy 36.09
2026-03-26 11:56:25 [soyo.py] Task 1, Epoch [8/30] lr 0.00835 Loss 37.586, Train_accy 42.03, Test_accy 42.31
2026-03-26 11:56:44 [soyo.py] Task 1, Epoch [9/30] lr 0.00794 Loss 43.129, Train_accy 42.19, Test_accy 42.31
2026-03-26 11:57:03 [soyo.py] Task 1, Epoch [10/30] lr 0.00750 Loss 34.268, Train_accy 40.99, Test_accy 36.09
2026-03-26 11:57:21 [soyo.py] Task 1, Epoch [11/30] lr 0.00703 Loss 27.602, Train_accy 43.29, Test_accy 36.09
2026-03-26 11:57:40 [soyo.py] Task 1, Epoch [12/30] lr 0.00655 Loss 15.025, Train_accy 42.30, Test_accy 36.09
2026-03-26 11:58:00 [soyo.py] Task 1, Epoch [13/30] lr 0.00604 Loss 14.110, Train_accy 41.22, Test_accy 36.09
2026-03-26 11:58:19 [soyo.py] Task 1, Epoch [14/30] lr 0.00552 Loss 3.627, Train_accy 43.53, Test_accy 36.09
2026-03-26 11:58:37 [soyo.py] Task 1, Epoch [15/30] lr 0.00500 Loss 1.635, Train_accy 47.59, Test_accy 36.09
2026-03-26 11:58:56 [soyo.py] Task 1, Epoch [16/30] lr 0.00448 Loss 1.224, Train_accy 59.51, Test_accy 36.09
2026-03-26 11:59:15 [soyo.py] Task 1, Epoch [17/30] lr 0.00396 Loss 1.228, Train_accy 57.08, Test_accy 36.09
2026-03-26 11:59:34 [soyo.py] Task 1, Epoch [18/30] lr 0.00345 Loss 1.190, Train_accy 59.51, Test_accy 36.09
2026-03-26 11:59:53 [soyo.py] Task 1, Epoch [19/30] lr 0.00297 Loss 1.183, Train_accy 59.51, Test_accy 36.09
2026-03-26 12:00:12 [soyo.py] Task 1, Epoch [20/30] lr 0.00250 Loss 1.186, Train_accy 59.51, Test_accy 36.09
2026-03-26 12:00:31 [soyo.py] Task 1, Epoch [21/30] lr 0.00206 Loss 1.177, Train_accy 59.51, Test_accy 36.09
2026-03-26 12:00:50 [soyo.py] Task 1, Epoch [22/30] lr 0.00165 Loss 1.171, Train_accy 59.51, Test_accy 36.09
2026-03-26 12:01:09 [soyo.py] Task 1, Epoch [23/30] lr 0.00128 Loss 1.173, Train_accy 59.51, Test_accy 36.09
2026-03-26 12:01:27 [soyo.py] Task 1, Epoch [24/30] lr 0.00095 Loss 1.178, Train_accy 59.51, Test_accy 36.09
2026-03-26 12:01:46 [soyo.py] Task 1, Epoch [25/30] lr 0.00067 Loss 1.164, Train_accy 59.51, Test_accy 36.09
2026-03-26 12:02:05 [soyo.py] Task 1, Epoch [26/30] lr 0.00043 Loss 1.165, Train_accy 59.51, Test_accy 36.09
2026-03-26 12:02:24 [soyo.py] Task 1, Epoch [27/30] lr 0.00024 Loss 1.159, Train_accy 59.51, Test_accy 36.09
2026-03-26 12:02:43 [soyo.py] Task 1, Epoch [28/30] lr 0.00011 Loss 1.160, Train_accy 59.51, Test_accy 36.09
2026-03-26 12:03:02 [soyo.py] Task 1, Epoch [29/30] lr 0.00003 Loss 1.160, Train_accy 59.51, Test_accy 36.09
2026-03-26 12:03:22 [soyo.py] Task 1, Epoch [30/30] lr 0.00000 Loss 1.158, Train_accy 59.51, Test_accy 36.09
2026-03-26 12:03:22 [soyo.py] ==> Start compress_train_resample
2026-03-26 12:03:22 [soyo.py]     use 64 old + 64 new samples for each batch
2026-03-26 12:03:22 [soyo.py] ==> Checking the SOYO parameter
2026-03-26 12:03:22 [soyo.py]     SOYO Training:
2026-03-26 12:03:22 [soyo.py]         soyo_clf.weight: torch.Size([5, 768])
2026-03-26 12:03:22 [soyo.py]         soyo_clf.bias: torch.Size([5])
2026-03-26 12:03:22 [soyo.py]     SOYO Total params: 3845
2026-03-26 12:03:22 [soyo.py]     SOYO Trainable params: 3845
2026-03-26 12:03:22 [soyo.py] ==> Start SOYO training
2026-03-26 12:03:28 [soyo.py] SOYO training: Task 2, Epoch [1/30] lr 0.09973 Loss 1.754, Train_acc 52.01
2026-03-26 12:03:34 [soyo.py] SOYO training: Task 2, Epoch [2/30] lr 0.09891 Loss 0.674, Train_acc 61.43
2026-03-26 12:03:40 [soyo.py] SOYO training: Task 2, Epoch [3/30] lr 0.09755 Loss 0.598, Train_acc 69.74
2026-03-26 12:03:46 [soyo.py] SOYO training: Task 2, Epoch [4/30] lr 0.09568 Loss 0.586, Train_acc 70.05
2026-03-26 12:03:52 [soyo.py] SOYO training: Task 2, Epoch [5/30] lr 0.09330 Loss 0.571, Train_acc 71.28
2026-03-26 12:03:58 [soyo.py] SOYO training: Task 2, Epoch [6/30] lr 0.09045 Loss 0.562, Train_acc 72.63
2026-03-26 12:04:04 [soyo.py] SOYO training: Task 2, Epoch [7/30] lr 0.08716 Loss 0.559, Train_acc 72.68
2026-03-26 12:04:10 [soyo.py] SOYO training: Task 2, Epoch [8/30] lr 0.08346 Loss 0.557, Train_acc 72.73
2026-03-26 12:04:16 [soyo.py] SOYO training: Task 2, Epoch [9/30] lr 0.07939 Loss 0.553, Train_acc 72.34
2026-03-26 12:04:22 [soyo.py] SOYO training: Task 2, Epoch [10/30] lr 0.07500 Loss 0.538, Train_acc 75.23
2026-03-26 12:04:28 [soyo.py] SOYO training: Task 2, Epoch [11/30] lr 0.07034 Loss 0.540, Train_acc 74.43
2026-03-26 12:04:34 [soyo.py] SOYO training: Task 2, Epoch [12/30] lr 0.06545 Loss 0.535, Train_acc 73.07
2026-03-26 12:04:41 [soyo.py] SOYO training: Task 2, Epoch [13/30] lr 0.06040 Loss 0.548, Train_acc 72.99
2026-03-26 12:04:47 [soyo.py] SOYO training: Task 2, Epoch [14/30] lr 0.05523 Loss 0.539, Train_acc 73.41
2026-03-26 12:04:53 [soyo.py] SOYO training: Task 2, Epoch [15/30] lr 0.05000 Loss 0.535, Train_acc 73.54
2026-03-26 12:04:59 [soyo.py] SOYO training: Task 2, Epoch [16/30] lr 0.04477 Loss 0.529, Train_acc 74.09
2026-03-26 12:05:05 [soyo.py] SOYO training: Task 2, Epoch [17/30] lr 0.03960 Loss 0.543, Train_acc 73.46
2026-03-26 12:05:11 [soyo.py] SOYO training: Task 2, Epoch [18/30] lr 0.03455 Loss 0.540, Train_acc 73.46
2026-03-26 12:05:17 [soyo.py] SOYO training: Task 2, Epoch [19/30] lr 0.02966 Loss 0.535, Train_acc 73.15
2026-03-26 12:05:23 [soyo.py] SOYO training: Task 2, Epoch [20/30] lr 0.02500 Loss 0.538, Train_acc 72.71
2026-03-26 12:05:29 [soyo.py] SOYO training: Task 2, Epoch [21/30] lr 0.02061 Loss 0.529, Train_acc 74.84
2026-03-26 12:05:35 [soyo.py] SOYO training: Task 2, Epoch [22/30] lr 0.01654 Loss 0.527, Train_acc 75.13
2026-03-26 12:05:41 [soyo.py] SOYO training: Task 2, Epoch [23/30] lr 0.01284 Loss 0.539, Train_acc 73.65
2026-03-26 12:05:48 [soyo.py] SOYO training: Task 2, Epoch [24/30] lr 0.00955 Loss 0.526, Train_acc 75.23
2026-03-26 12:05:54 [soyo.py] SOYO training: Task 2, Epoch [25/30] lr 0.00670 Loss 0.529, Train_acc 74.06
2026-03-26 12:05:59 [soyo.py] SOYO training: Task 2, Epoch [26/30] lr 0.00432 Loss 0.525, Train_acc 74.87
2026-03-26 12:06:06 [soyo.py] SOYO training: Task 2, Epoch [27/30] lr 0.00245 Loss 0.530, Train_acc 74.04
2026-03-26 12:06:12 [soyo.py] SOYO training: Task 2, Epoch [28/30] lr 0.00109 Loss 0.529, Train_acc 74.19
2026-03-26 12:06:18 [soyo.py] SOYO training: Task 2, Epoch [29/30] lr 0.00027 Loss 0.527, Train_acc 74.90
2026-03-26 12:06:24 [soyo.py] SOYO training: Task 2, Epoch [30/30] lr 0.00000 Loss 0.535, Train_acc 74.06
2026-03-26 12:06:24 [soyo.py] ==> Saving compression...
2026-03-26 12:06:32 [soyo.py]     used features: (3816, 768)
2026-03-26 12:06:32 [soyo.py]     saving compression: [(2, 768), (2, 768, 768), (2,)]
2026-03-26 12:06:32 [soyo.py]     have saved 2 groups of compression
2026-03-26 12:07:06 [soyo.py] Domain routing accuracy on test set: 70.35%
2026-03-26 12:07:06 [trainer.py] CNN: {'total': np.float64(50.75), '0-5': np.float64(49.0), '6-11': np.float64(56.96), 'old': np.float64(49.0), 'new': np.float64(56.96)}
2026-03-26 12:07:06 [trainer.py] CNN top1 curve: [np.float64(47.92), np.float64(50.75)]
2026-03-26 12:07:06 [trainer.py] Domain classification accuracies (after each task): [np.float64(100.0), np.float64(70.35)] -> Avg.: 85.18
2026-03-26 12:07:06 [soyo.py] Exemplar size: 0
2026-03-26 12:07:07 [trainer.py] Save the checkpoint task_1.pth
2026-03-26 12:07:07 [soyo.py] 
2026-03-26 12:07:07 [soyo.py] ==> Training task 2, Learning on 12-18
2026-03-26 12:07:07 [soyo.py]     len(train_dataset): 7816
2026-03-26 12:07:07 [soyo.py]     len(test_dataset): 6316
2026-03-26 12:07:07 [soyo.py] ==> Checking the parameter
2026-03-26 12:07:07 [soyo.py]     Total parameters: 92909254
2026-03-26 12:07:07 [soyo.py]     Trainable parameters: 316614
2026-03-26 12:07:07 [soyo.py]     Blocks:
2026-03-26 12:07:07 [soyo.py]         image_encoder: 91326184
2026-03-26 12:07:07 [soyo.py]         classifier: 23070
2026-03-26 12:07:07 [soyo.py]         prompt_pool: 38400
2026-03-26 12:07:07 [soyo.py]         down_pool: 738240
2026-03-26 12:07:07 [soyo.py]         up_pool: 783360
2026-03-26 12:07:07 [soyo.py]     Training:
2026-03-26 12:07:07 [soyo.py]         classifier.2.weight: torch.Size([6, 768])
2026-03-26 12:07:07 [soyo.py]         classifier.2.bias: torch.Size([6])
2026-03-26 12:07:07 [soyo.py]         prompt_pool.2.weight: torch.Size([10, 768])
2026-03-26 12:07:07 [soyo.py]         down_pool.2.0.weight: torch.Size([16, 768])
2026-03-26 12:07:07 [soyo.py]         down_pool.2.0.bias: torch.Size([16])
2026-03-26 12:07:07 [soyo.py]         down_pool.2.1.weight: torch.Size([16, 768])
2026-03-26 12:07:07 [soyo.py]         down_pool.2.1.bias: torch.Size([16])
2026-03-26 12:07:07 [soyo.py]         down_pool.2.2.weight: torch.Size([16, 768])
2026-03-26 12:07:07 [soyo.py]         down_pool.2.2.bias: torch.Size([16])
2026-03-26 12:07:07 [soyo.py]         down_pool.2.3.weight: torch.Size([16, 768])
2026-03-26 12:07:07 [soyo.py]         down_pool.2.3.bias: torch.Size([16])
2026-03-26 12:07:07 [soyo.py]         down_pool.2.4.weight: torch.Size([16, 768])
2026-03-26 12:07:07 [soyo.py]         down_pool.2.4.bias: torch.Size([16])
2026-03-26 12:07:07 [soyo.py]         down_pool.2.5.weight: torch.Size([16, 768])
2026-03-26 12:07:07 [soyo.py]         down_pool.2.5.bias: torch.Size([16])
2026-03-26 12:07:07 [soyo.py]         down_pool.2.6.weight: torch.Size([16, 768])
2026-03-26 12:07:07 [soyo.py]         down_pool.2.6.bias: torch.Size([16])
2026-03-26 12:07:07 [soyo.py]         down_pool.2.7.weight: torch.Size([16, 768])
2026-03-26 12:07:07 [soyo.py]         down_pool.2.7.bias: torch.Size([16])
2026-03-26 12:07:07 [soyo.py]         down_pool.2.8.weight: torch.Size([16, 768])
2026-03-26 12:07:07 [soyo.py]         down_pool.2.8.bias: torch.Size([16])
2026-03-26 12:07:07 [soyo.py]         down_pool.2.9.weight: torch.Size([16, 768])
2026-03-26 12:07:07 [soyo.py]         down_pool.2.9.bias: torch.Size([16])
2026-03-26 12:07:07 [soyo.py]         down_pool.2.10.weight: torch.Size([16, 768])
2026-03-26 12:07:07 [soyo.py]         down_pool.2.10.bias: torch.Size([16])
2026-03-26 12:07:07 [soyo.py]         down_pool.2.11.weight: torch.Size([16, 768])
2026-03-26 12:07:07 [soyo.py]         down_pool.2.11.bias: torch.Size([16])
2026-03-26 12:07:07 [soyo.py]         up_pool.2.0.weight: torch.Size([768, 16])
2026-03-26 12:07:07 [soyo.py]         up_pool.2.0.bias: torch.Size([768])
2026-03-26 12:07:07 [soyo.py]         up_pool.2.1.weight: torch.Size([768, 16])
2026-03-26 12:07:07 [soyo.py]         up_pool.2.1.bias: torch.Size([768])
2026-03-26 12:07:07 [soyo.py]         up_pool.2.2.weight: torch.Size([768, 16])
2026-03-26 12:07:07 [soyo.py]         up_pool.2.2.bias: torch.Size([768])
2026-03-26 12:07:07 [soyo.py]         up_pool.2.3.weight: torch.Size([768, 16])
2026-03-26 12:07:07 [soyo.py]         up_pool.2.3.bias: torch.Size([768])
2026-03-26 12:07:07 [soyo.py]         up_pool.2.4.weight: torch.Size([768, 16])
2026-03-26 12:07:07 [soyo.py]         up_pool.2.4.bias: torch.Size([768])
2026-03-26 12:07:07 [soyo.py]         up_pool.2.5.weight: torch.Size([768, 16])
2026-03-26 12:07:07 [soyo.py]         up_pool.2.5.bias: torch.Size([768])
2026-03-26 12:07:07 [soyo.py]         up_pool.2.6.weight: torch.Size([768, 16])
2026-03-26 12:07:07 [soyo.py]         up_pool.2.6.bias: torch.Size([768])
2026-03-26 12:07:07 [soyo.py]         up_pool.2.7.weight: torch.Size([768, 16])
2026-03-26 12:07:07 [soyo.py]         up_pool.2.7.bias: torch.Size([768])
2026-03-26 12:07:07 [soyo.py]         up_pool.2.8.weight: torch.Size([768, 16])
2026-03-26 12:07:07 [soyo.py]         up_pool.2.8.bias: torch.Size([768])
2026-03-26 12:07:07 [soyo.py]         up_pool.2.9.weight: torch.Size([768, 16])
2026-03-26 12:07:07 [soyo.py]         up_pool.2.9.bias: torch.Size([768])
2026-03-26 12:07:07 [soyo.py]         up_pool.2.10.weight: torch.Size([768, 16])
2026-03-26 12:07:07 [soyo.py]         up_pool.2.10.bias: torch.Size([768])
2026-03-26 12:07:07 [soyo.py]         up_pool.2.11.weight: torch.Size([768, 16])
2026-03-26 12:07:07 [soyo.py]         up_pool.2.11.bias: torch.Size([768])
2026-03-26 12:07:40 [soyo.py] Task 2, Epoch [1/30] lr 0.00997 Loss 96.269, Train_accy 26.70, Test_accy 30.38
2026-03-26 12:08:13 [soyo.py] Task 2, Epoch [2/30] lr 0.00989 Loss 67.031, Train_accy 29.31, Test_accy 9.61
2026-03-26 12:08:46 [soyo.py] Task 2, Epoch [3/30] lr 0.00976 Loss 36.945, Train_accy 29.34, Test_accy 42.84
2026-03-26 12:09:19 [soyo.py] Task 2, Epoch [4/30] lr 0.00957 Loss 16.997, Train_accy 28.02, Test_accy 42.84
2026-03-26 12:09:52 [soyo.py] Task 2, Epoch [5/30] lr 0.00933 Loss 4.511, Train_accy 31.70, Test_accy 42.84
2026-03-26 12:10:25 [soyo.py] Task 2, Epoch [6/30] lr 0.00905 Loss 1.880, Train_accy 37.99, Test_accy 9.61
2026-03-26 12:10:58 [soyo.py] Task 2, Epoch [7/30] lr 0.00872 Loss 1.777, Train_accy 39.24, Test_accy 42.84
2026-03-26 12:11:31 [soyo.py] Task 2, Epoch [8/30] lr 0.00835 Loss 1.837, Train_accy 33.44, Test_accy 42.84
2026-03-26 12:12:04 [soyo.py] Task 2, Epoch [9/30] lr 0.00794 Loss 1.667, Train_accy 37.87, Test_accy 42.84
2026-03-26 12:12:36 [soyo.py] Task 2, Epoch [10/30] lr 0.00750 Loss 1.574, Train_accy 40.95, Test_accy 9.61
2026-03-26 12:13:09 [soyo.py] Task 2, Epoch [11/30] lr 0.00703 Loss 1.614, Train_accy 37.63, Test_accy 42.84
2026-03-26 12:13:42 [soyo.py] Task 2, Epoch [12/30] lr 0.00655 Loss 1.513, Train_accy 38.34, Test_accy 9.61
2026-03-26 12:14:15 [soyo.py] Task 2, Epoch [13/30] lr 0.00604 Loss 1.464, Train_accy 39.24, Test_accy 42.84
2026-03-26 12:14:48 [soyo.py] Task 2, Epoch [14/30] lr 0.00552 Loss 1.498, Train_accy 40.39, Test_accy 42.84
2026-03-26 12:15:21 [soyo.py] Task 2, Epoch [15/30] lr 0.00500 Loss 1.432, Train_accy 43.67, Test_accy 42.84
2026-03-26 12:15:54 [soyo.py] Task 2, Epoch [16/30] lr 0.00448 Loss 1.453, Train_accy 42.60, Test_accy 42.84
2026-03-26 12:16:27 [soyo.py] Task 2, Epoch [17/30] lr 0.00396 Loss 1.434, Train_accy 43.36, Test_accy 30.38
2026-03-26 12:17:00 [soyo.py] Task 2, Epoch [18/30] lr 0.00345 Loss 1.434, Train_accy 43.18, Test_accy 42.84
2026-03-26 12:17:33 [soyo.py] Task 2, Epoch [19/30] lr 0.00297 Loss 1.434, Train_accy 44.04, Test_accy 42.84
2026-03-26 12:18:06 [soyo.py] Task 2, Epoch [20/30] lr 0.00250 Loss 1.437, Train_accy 43.14, Test_accy 42.84
2026-03-26 12:18:39 [soyo.py] Task 2, Epoch [21/30] lr 0.00206 Loss 1.427, Train_accy 44.04, Test_accy 42.84
2026-03-26 12:19:12 [soyo.py] Task 2, Epoch [22/30] lr 0.00165 Loss 1.421, Train_accy 44.04, Test_accy 42.84
2026-03-26 12:19:45 [soyo.py] Task 2, Epoch [23/30] lr 0.00128 Loss 1.413, Train_accy 44.04, Test_accy 42.84
2026-03-26 12:20:18 [soyo.py] Task 2, Epoch [24/30] lr 0.00095 Loss 1.411, Train_accy 44.04, Test_accy 42.84
2026-03-26 12:20:50 [soyo.py] Task 2, Epoch [25/30] lr 0.00067 Loss 1.414, Train_accy 44.04, Test_accy 42.84
2026-03-26 12:21:24 [soyo.py] Task 2, Epoch [26/30] lr 0.00043 Loss 1.407, Train_accy 44.04, Test_accy 42.84
2026-03-26 12:21:56 [soyo.py] Task 2, Epoch [27/30] lr 0.00024 Loss 1.400, Train_accy 44.04, Test_accy 42.84
2026-03-26 12:22:30 [soyo.py] Task 2, Epoch [28/30] lr 0.00011 Loss 1.403, Train_accy 44.04, Test_accy 42.84
2026-03-26 12:23:03 [soyo.py] Task 2, Epoch [29/30] lr 0.00003 Loss 1.400, Train_accy 44.04, Test_accy 42.84
2026-03-26 12:23:35 [soyo.py] Task 2, Epoch [30/30] lr 0.00000 Loss 1.405, Train_accy 44.04, Test_accy 42.84
2026-03-26 12:23:35 [soyo.py] ==> Start compress_train_resample
2026-03-26 12:23:36 [soyo.py]     use 86 old + 42 new samples for each batch
2026-03-26 12:23:36 [soyo.py] ==> Checking the SOYO parameter
2026-03-26 12:23:36 [soyo.py]     SOYO Training:
2026-03-26 12:23:36 [soyo.py]         soyo_clf.weight: torch.Size([5, 768])
2026-03-26 12:23:36 [soyo.py]         soyo_clf.bias: torch.Size([5])
2026-03-26 12:23:36 [soyo.py]     SOYO Total params: 3845
2026-03-26 12:23:36 [soyo.py]     SOYO Trainable params: 3845
2026-03-26 12:23:36 [soyo.py] ==> Start SOYO training
2026-03-26 12:23:47 [soyo.py] SOYO training: Task 3, Epoch [1/30] lr 0.09973 Loss 1.259, Train_acc 49.96
2026-03-26 12:23:59 [soyo.py] SOYO training: Task 3, Epoch [2/30] lr 0.09891 Loss 0.896, Train_acc 59.50
2026-03-26 12:24:10 [soyo.py] SOYO training: Task 3, Epoch [3/30] lr 0.09755 Loss 0.873, Train_acc 59.54
2026-03-26 12:24:22 [soyo.py] SOYO training: Task 3, Epoch [4/30] lr 0.09568 Loss 0.868, Train_acc 60.11
2026-03-26 12:24:33 [soyo.py] SOYO training: Task 3, Epoch [5/30] lr 0.09330 Loss 0.851, Train_acc 61.52
2026-03-26 12:24:44 [soyo.py] SOYO training: Task 3, Epoch [6/30] lr 0.09045 Loss 0.835, Train_acc 62.82
2026-03-26 12:24:56 [soyo.py] SOYO training: Task 3, Epoch [7/30] lr 0.08716 Loss 0.840, Train_acc 61.25
2026-03-26 12:25:07 [soyo.py] SOYO training: Task 3, Epoch [8/30] lr 0.08346 Loss 0.834, Train_acc 62.58
2026-03-26 12:25:18 [soyo.py] SOYO training: Task 3, Epoch [9/30] lr 0.07939 Loss 0.824, Train_acc 62.96
2026-03-26 12:25:30 [soyo.py] SOYO training: Task 3, Epoch [10/30] lr 0.07500 Loss 0.821, Train_acc 63.28
2026-03-26 12:25:41 [soyo.py] SOYO training: Task 3, Epoch [11/30] lr 0.07034 Loss 0.826, Train_acc 62.78
2026-03-26 12:25:53 [soyo.py] SOYO training: Task 3, Epoch [12/30] lr 0.06545 Loss 0.818, Train_acc 62.50
2026-03-26 12:26:04 [soyo.py] SOYO training: Task 3, Epoch [13/30] lr 0.06040 Loss 0.812, Train_acc 63.50
2026-03-26 12:26:15 [soyo.py] SOYO training: Task 3, Epoch [14/30] lr 0.05523 Loss 0.817, Train_acc 62.76
2026-03-26 12:26:27 [soyo.py] SOYO training: Task 3, Epoch [15/30] lr 0.05000 Loss 0.812, Train_acc 63.81
2026-03-26 12:26:39 [soyo.py] SOYO training: Task 3, Epoch [16/30] lr 0.04477 Loss 0.813, Train_acc 62.62
2026-03-26 12:26:50 [soyo.py] SOYO training: Task 3, Epoch [17/30] lr 0.03960 Loss 0.808, Train_acc 63.88
2026-03-26 12:27:02 [soyo.py] SOYO training: Task 3, Epoch [18/30] lr 0.03455 Loss 0.813, Train_acc 62.52
2026-03-26 12:27:13 [soyo.py] SOYO training: Task 3, Epoch [19/30] lr 0.02966 Loss 0.817, Train_acc 62.50
2026-03-26 12:27:24 [soyo.py] SOYO training: Task 3, Epoch [20/30] lr 0.02500 Loss 0.810, Train_acc 63.25
2026-03-26 12:27:36 [soyo.py] SOYO training: Task 3, Epoch [21/30] lr 0.02061 Loss 0.818, Train_acc 62.33
2026-03-26 12:27:47 [soyo.py] SOYO training: Task 3, Epoch [22/30] lr 0.01654 Loss 0.808, Train_acc 63.16
2026-03-26 12:27:59 [soyo.py] SOYO training: Task 3, Epoch [23/30] lr 0.01284 Loss 0.800, Train_acc 63.73
2026-03-26 12:28:10 [soyo.py] SOYO training: Task 3, Epoch [24/30] lr 0.00955 Loss 0.799, Train_acc 64.20
2026-03-26 12:28:21 [soyo.py] SOYO training: Task 3, Epoch [25/30] lr 0.00670 Loss 0.807, Train_acc 63.38
2026-03-26 12:28:33 [soyo.py] SOYO training: Task 3, Epoch [26/30] lr 0.00432 Loss 0.805, Train_acc 63.53
2026-03-26 12:28:44 [soyo.py] SOYO training: Task 3, Epoch [27/30] lr 0.00245 Loss 0.805, Train_acc 64.55
2026-03-26 12:28:56 [soyo.py] SOYO training: Task 3, Epoch [28/30] lr 0.00109 Loss 0.791, Train_acc 64.87
2026-03-26 12:29:07 [soyo.py] SOYO training: Task 3, Epoch [29/30] lr 0.00027 Loss 0.807, Train_acc 63.41
2026-03-26 12:29:19 [soyo.py] SOYO training: Task 3, Epoch [30/30] lr 0.00000 Loss 0.799, Train_acc 64.36
2026-03-26 12:29:19 [soyo.py] ==> Saving compression...
2026-03-26 12:29:32 [soyo.py]     used features: (7816, 768)
2026-03-26 12:29:32 [soyo.py]     saving compression: [(2, 768), (2, 768, 768), (2,)]
2026-03-26 12:29:32 [soyo.py]     have saved 3 groups of compression
2026-03-26 12:30:21 [soyo.py] Domain routing accuracy on test set: 57.88%
2026-03-26 12:30:21 [trainer.py] CNN: {'total': np.float64(48.94), '0-5': np.float64(49.47), '6-11': np.float64(56.86), '12-17': np.float64(44.14), 'old': np.float64(51.09), 'new': np.float64(44.14)}
2026-03-26 12:30:21 [trainer.py] CNN top1 curve: [np.float64(47.92), np.float64(50.75), np.float64(48.94)]
2026-03-26 12:30:21 [trainer.py] Domain classification accuracies (after each task): [np.float64(100.0), np.float64(70.35), np.float64(57.88)] -> Avg.: 76.08
2026-03-26 12:30:21 [soyo.py] Exemplar size: 0
2026-03-26 12:30:22 [trainer.py] Save the checkpoint task_2.pth
2026-03-26 12:30:22 [soyo.py] 
2026-03-26 12:30:22 [soyo.py] ==> Training task 3, Learning on 18-24
2026-03-26 12:30:22 [soyo.py]     len(train_dataset): 6117
2026-03-26 12:30:22 [soyo.py]     len(test_dataset): 7846
2026-03-26 12:30:22 [soyo.py] ==> Checking the parameter
2026-03-26 12:30:22 [soyo.py]     Total parameters: 92909254
2026-03-26 12:30:22 [soyo.py]     Trainable parameters: 316614
2026-03-26 12:30:22 [soyo.py]     Blocks:
2026-03-26 12:30:22 [soyo.py]         image_encoder: 91326184
2026-03-26 12:30:22 [soyo.py]         classifier: 23070
2026-03-26 12:30:22 [soyo.py]         prompt_pool: 38400
2026-03-26 12:30:22 [soyo.py]         down_pool: 738240
2026-03-26 12:30:22 [soyo.py]         up_pool: 783360
2026-03-26 12:30:22 [soyo.py]     Training:
2026-03-26 12:30:22 [soyo.py]         classifier.3.weight: torch.Size([6, 768])
2026-03-26 12:30:22 [soyo.py]         classifier.3.bias: torch.Size([6])
2026-03-26 12:30:22 [soyo.py]         prompt_pool.3.weight: torch.Size([10, 768])
2026-03-26 12:30:22 [soyo.py]         down_pool.3.0.weight: torch.Size([16, 768])
2026-03-26 12:30:22 [soyo.py]         down_pool.3.0.bias: torch.Size([16])
2026-03-26 12:30:22 [soyo.py]         down_pool.3.1.weight: torch.Size([16, 768])
2026-03-26 12:30:22 [soyo.py]         down_pool.3.1.bias: torch.Size([16])
2026-03-26 12:30:22 [soyo.py]         down_pool.3.2.weight: torch.Size([16, 768])
2026-03-26 12:30:22 [soyo.py]         down_pool.3.2.bias: torch.Size([16])
2026-03-26 12:30:22 [soyo.py]         down_pool.3.3.weight: torch.Size([16, 768])
2026-03-26 12:30:22 [soyo.py]         down_pool.3.3.bias: torch.Size([16])
2026-03-26 12:30:22 [soyo.py]         down_pool.3.4.weight: torch.Size([16, 768])
2026-03-26 12:30:22 [soyo.py]         down_pool.3.4.bias: torch.Size([16])
2026-03-26 12:30:22 [soyo.py]         down_pool.3.5.weight: torch.Size([16, 768])
2026-03-26 12:30:22 [soyo.py]         down_pool.3.5.bias: torch.Size([16])
2026-03-26 12:30:22 [soyo.py]         down_pool.3.6.weight: torch.Size([16, 768])
2026-03-26 12:30:22 [soyo.py]         down_pool.3.6.bias: torch.Size([16])
2026-03-26 12:30:22 [soyo.py]         down_pool.3.7.weight: torch.Size([16, 768])
2026-03-26 12:30:22 [soyo.py]         down_pool.3.7.bias: torch.Size([16])
2026-03-26 12:30:22 [soyo.py]         down_pool.3.8.weight: torch.Size([16, 768])
2026-03-26 12:30:22 [soyo.py]         down_pool.3.8.bias: torch.Size([16])
2026-03-26 12:30:22 [soyo.py]         down_pool.3.9.weight: torch.Size([16, 768])
2026-03-26 12:30:22 [soyo.py]         down_pool.3.9.bias: torch.Size([16])
2026-03-26 12:30:22 [soyo.py]         down_pool.3.10.weight: torch.Size([16, 768])
2026-03-26 12:30:22 [soyo.py]         down_pool.3.10.bias: torch.Size([16])
2026-03-26 12:30:22 [soyo.py]         down_pool.3.11.weight: torch.Size([16, 768])
2026-03-26 12:30:22 [soyo.py]         down_pool.3.11.bias: torch.Size([16])
2026-03-26 12:30:22 [soyo.py]         up_pool.3.0.weight: torch.Size([768, 16])
2026-03-26 12:30:22 [soyo.py]         up_pool.3.0.bias: torch.Size([768])
2026-03-26 12:30:22 [soyo.py]         up_pool.3.1.weight: torch.Size([768, 16])
2026-03-26 12:30:22 [soyo.py]         up_pool.3.1.bias: torch.Size([768])
2026-03-26 12:30:22 [soyo.py]         up_pool.3.2.weight: torch.Size([768, 16])
2026-03-26 12:30:22 [soyo.py]         up_pool.3.2.bias: torch.Size([768])
2026-03-26 12:30:22 [soyo.py]         up_pool.3.3.weight: torch.Size([768, 16])
2026-03-26 12:30:22 [soyo.py]         up_pool.3.3.bias: torch.Size([768])
2026-03-26 12:30:22 [soyo.py]         up_pool.3.4.weight: torch.Size([768, 16])
2026-03-26 12:30:22 [soyo.py]         up_pool.3.4.bias: torch.Size([768])
2026-03-26 12:30:22 [soyo.py]         up_pool.3.5.weight: torch.Size([768, 16])
2026-03-26 12:30:22 [soyo.py]         up_pool.3.5.bias: torch.Size([768])
2026-03-26 12:30:22 [soyo.py]         up_pool.3.6.weight: torch.Size([768, 16])
2026-03-26 12:30:22 [soyo.py]         up_pool.3.6.bias: torch.Size([768])
2026-03-26 12:30:22 [soyo.py]         up_pool.3.7.weight: torch.Size([768, 16])
2026-03-26 12:30:22 [soyo.py]         up_pool.3.7.bias: torch.Size([768])
2026-03-26 12:30:22 [soyo.py]         up_pool.3.8.weight: torch.Size([768, 16])
2026-03-26 12:30:22 [soyo.py]         up_pool.3.8.bias: torch.Size([768])
2026-03-26 12:30:22 [soyo.py]         up_pool.3.9.weight: torch.Size([768, 16])
2026-03-26 12:30:22 [soyo.py]         up_pool.3.9.bias: torch.Size([768])
2026-03-26 12:30:22 [soyo.py]         up_pool.3.10.weight: torch.Size([768, 16])
2026-03-26 12:30:22 [soyo.py]         up_pool.3.10.bias: torch.Size([768])
2026-03-26 12:30:22 [soyo.py]         up_pool.3.11.weight: torch.Size([768, 16])
2026-03-26 12:30:22 [soyo.py]         up_pool.3.11.bias: torch.Size([768])
2026-03-26 12:30:52 [soyo.py] Task 3, Epoch [1/30] lr 0.00997 Loss 46.821, Train_accy 44.87, Test_accy 6.82
2026-03-26 12:31:22 [soyo.py] Task 3, Epoch [2/30] lr 0.00989 Loss 3.210, Train_accy 52.72, Test_accy 37.03
2026-03-26 12:31:52 [soyo.py] Task 3, Epoch [3/30] lr 0.00976 Loss 1.135, Train_accy 64.44, Test_accy 37.03
2026-03-26 12:32:22 [soyo.py] Task 3, Epoch [4/30] lr 0.00957 Loss 1.137, Train_accy 62.56, Test_accy 37.03
2026-03-26 12:32:52 [soyo.py] Task 3, Epoch [5/30] lr 0.00933 Loss 1.124, Train_accy 64.44, Test_accy 37.03
2026-03-26 12:33:23 [soyo.py] Task 3, Epoch [6/30] lr 0.00905 Loss 1.129, Train_accy 62.60, Test_accy 37.03
2026-03-26 12:33:53 [soyo.py] Task 3, Epoch [7/30] lr 0.00872 Loss 1.116, Train_accy 63.77, Test_accy 37.03
2026-03-26 12:34:23 [soyo.py] Task 3, Epoch [8/30] lr 0.00835 Loss 1.154, Train_accy 62.19, Test_accy 37.03
2026-03-26 12:34:53 [soyo.py] Task 3, Epoch [9/30] lr 0.00794 Loss 1.121, Train_accy 63.53, Test_accy 37.03
2026-03-26 12:35:23 [soyo.py] Task 3, Epoch [10/30] lr 0.00750 Loss 1.131, Train_accy 63.45, Test_accy 37.03
2026-03-26 12:35:53 [soyo.py] Task 3, Epoch [11/30] lr 0.00703 Loss 1.106, Train_accy 63.36, Test_accy 37.03
2026-03-26 12:36:23 [soyo.py] Task 3, Epoch [12/30] lr 0.00655 Loss 1.115, Train_accy 64.44, Test_accy 37.03
2026-03-26 12:36:53 [soyo.py] Task 3, Epoch [13/30] lr 0.00604 Loss 1.099, Train_accy 64.44, Test_accy 37.03
2026-03-26 12:37:23 [soyo.py] Task 3, Epoch [14/30] lr 0.00552 Loss 1.100, Train_accy 64.44, Test_accy 37.03
2026-03-26 12:37:53 [soyo.py] Task 3, Epoch [15/30] lr 0.00500 Loss 1.097, Train_accy 64.44, Test_accy 37.03
2026-03-26 12:38:23 [soyo.py] Task 3, Epoch [16/30] lr 0.00448 Loss 1.108, Train_accy 64.44, Test_accy 37.03
2026-03-26 12:38:53 [soyo.py] Task 3, Epoch [17/30] lr 0.00396 Loss 1.098, Train_accy 64.44, Test_accy 37.03
2026-03-26 12:39:23 [soyo.py] Task 3, Epoch [18/30] lr 0.00345 Loss 1.100, Train_accy 64.44, Test_accy 37.03
2026-03-26 12:39:54 [soyo.py] Task 3, Epoch [19/30] lr 0.00297 Loss 1.094, Train_accy 64.44, Test_accy 37.03
2026-03-26 12:40:24 [soyo.py] Task 3, Epoch [20/30] lr 0.00250 Loss 1.090, Train_accy 64.44, Test_accy 37.03
2026-03-26 12:40:54 [soyo.py] Task 3, Epoch [21/30] lr 0.00206 Loss 1.089, Train_accy 64.44, Test_accy 37.03
2026-03-26 12:41:24 [soyo.py] Task 3, Epoch [22/30] lr 0.00165 Loss 1.089, Train_accy 64.44, Test_accy 37.03
2026-03-26 12:41:54 [soyo.py] Task 3, Epoch [23/30] lr 0.00128 Loss 1.090, Train_accy 64.44, Test_accy 37.03
2026-03-26 12:42:24 [soyo.py] Task 3, Epoch [24/30] lr 0.00095 Loss 1.086, Train_accy 64.44, Test_accy 37.03
2026-03-26 12:42:54 [soyo.py] Task 3, Epoch [25/30] lr 0.00067 Loss 1.084, Train_accy 64.44, Test_accy 37.03
2026-03-26 12:43:24 [soyo.py] Task 3, Epoch [26/30] lr 0.00043 Loss 1.087, Train_accy 64.44, Test_accy 37.03
2026-03-26 12:43:54 [soyo.py] Task 3, Epoch [27/30] lr 0.00024 Loss 1.082, Train_accy 64.44, Test_accy 37.03
2026-03-26 12:44:24 [soyo.py] Task 3, Epoch [28/30] lr 0.00011 Loss 1.082, Train_accy 64.44, Test_accy 37.03
2026-03-26 12:44:54 [soyo.py] Task 3, Epoch [29/30] lr 0.00003 Loss 1.082, Train_accy 64.44, Test_accy 37.03
2026-03-26 12:45:25 [soyo.py] Task 3, Epoch [30/30] lr 0.00000 Loss 1.081, Train_accy 64.44, Test_accy 37.03
2026-03-26 12:45:25 [soyo.py] ==> Start compress_train_resample
2026-03-26 12:45:26 [soyo.py]     use 96 old + 32 new samples for each batch
2026-03-26 12:45:26 [soyo.py] ==> Checking the SOYO parameter
2026-03-26 12:45:26 [soyo.py]     SOYO Training:
2026-03-26 12:45:26 [soyo.py]         soyo_clf.weight: torch.Size([5, 768])
2026-03-26 12:45:26 [soyo.py]         soyo_clf.bias: torch.Size([5])
2026-03-26 12:45:26 [soyo.py]     SOYO Total params: 3845
2026-03-26 12:45:26 [soyo.py]     SOYO Trainable params: 3845
2026-03-26 12:45:26 [soyo.py] ==> Start SOYO training
2026-03-26 12:45:35 [soyo.py] SOYO training: Task 4, Epoch [1/30] lr 0.09973 Loss 1.461, Train_acc 47.41
2026-03-26 12:45:44 [soyo.py] SOYO training: Task 4, Epoch [2/30] lr 0.09891 Loss 1.096, Train_acc 54.59
2026-03-26 12:45:54 [soyo.py] SOYO training: Task 4, Epoch [3/30] lr 0.09755 Loss 1.080, Train_acc 55.24
2026-03-26 12:46:03 [soyo.py] SOYO training: Task 4, Epoch [4/30] lr 0.09568 Loss 1.066, Train_acc 55.99
2026-03-26 12:46:12 [soyo.py] SOYO training: Task 4, Epoch [5/30] lr 0.09330 Loss 1.065, Train_acc 55.29
2026-03-26 12:46:21 [soyo.py] SOYO training: Task 4, Epoch [6/30] lr 0.09045 Loss 1.059, Train_acc 56.25
2026-03-26 12:46:30 [soyo.py] SOYO training: Task 4, Epoch [7/30] lr 0.08716 Loss 1.043, Train_acc 57.16
2026-03-26 12:46:39 [soyo.py] SOYO training: Task 4, Epoch [8/30] lr 0.08346 Loss 1.051, Train_acc 56.84
2026-03-26 12:46:49 [soyo.py] SOYO training: Task 4, Epoch [9/30] lr 0.07939 Loss 1.045, Train_acc 56.98
2026-03-26 12:46:58 [soyo.py] SOYO training: Task 4, Epoch [10/30] lr 0.07500 Loss 1.034, Train_acc 58.01
2026-03-26 12:47:07 [soyo.py] SOYO training: Task 4, Epoch [11/30] lr 0.07034 Loss 1.044, Train_acc 57.29
2026-03-26 12:47:16 [soyo.py] SOYO training: Task 4, Epoch [12/30] lr 0.06545 Loss 1.029, Train_acc 58.20
2026-03-26 12:47:26 [soyo.py] SOYO training: Task 4, Epoch [13/30] lr 0.06040 Loss 1.025, Train_acc 57.42
2026-03-26 12:47:35 [soyo.py] SOYO training: Task 4, Epoch [14/30] lr 0.05523 Loss 1.037, Train_acc 57.37
2026-03-26 12:47:44 [soyo.py] SOYO training: Task 4, Epoch [15/30] lr 0.05000 Loss 1.032, Train_acc 57.98
2026-03-26 12:47:53 [soyo.py] SOYO training: Task 4, Epoch [16/30] lr 0.04477 Loss 1.022, Train_acc 59.31
2026-03-26 12:48:02 [soyo.py] SOYO training: Task 4, Epoch [17/30] lr 0.03960 Loss 1.026, Train_acc 58.28
2026-03-26 12:48:11 [soyo.py] SOYO training: Task 4, Epoch [18/30] lr 0.03455 Loss 1.025, Train_acc 57.83
2026-03-26 12:48:21 [soyo.py] SOYO training: Task 4, Epoch [19/30] lr 0.02966 Loss 1.027, Train_acc 58.68
2026-03-26 12:48:30 [soyo.py] SOYO training: Task 4, Epoch [20/30] lr 0.02500 Loss 1.018, Train_acc 58.56
2026-03-26 12:48:39 [soyo.py] SOYO training: Task 4, Epoch [21/30] lr 0.02061 Loss 1.027, Train_acc 58.54
2026-03-26 12:48:48 [soyo.py] SOYO training: Task 4, Epoch [22/30] lr 0.01654 Loss 1.022, Train_acc 58.27
2026-03-26 12:48:57 [soyo.py] SOYO training: Task 4, Epoch [23/30] lr 0.01284 Loss 1.022, Train_acc 59.08
2026-03-26 12:49:06 [soyo.py] SOYO training: Task 4, Epoch [24/30] lr 0.00955 Loss 1.013, Train_acc 59.31
2026-03-26 12:49:15 [soyo.py] SOYO training: Task 4, Epoch [25/30] lr 0.00670 Loss 1.013, Train_acc 59.02
2026-03-26 12:49:24 [soyo.py] SOYO training: Task 4, Epoch [26/30] lr 0.00432 Loss 1.016, Train_acc 58.69
2026-03-26 12:49:34 [soyo.py] SOYO training: Task 4, Epoch [27/30] lr 0.00245 Loss 1.018, Train_acc 58.68
2026-03-26 12:49:43 [soyo.py] SOYO training: Task 4, Epoch [28/30] lr 0.00109 Loss 1.010, Train_acc 59.65
2026-03-26 12:49:52 [soyo.py] SOYO training: Task 4, Epoch [29/30] lr 0.00027 Loss 1.015, Train_acc 58.68
2026-03-26 12:50:01 [soyo.py] SOYO training: Task 4, Epoch [30/30] lr 0.00000 Loss 1.020, Train_acc 58.74
2026-03-26 12:50:01 [soyo.py] ==> Saving compression...
2026-03-26 12:50:13 [soyo.py]     used features: (6117, 768)
2026-03-26 12:50:13 [soyo.py]     saving compression: [(2, 768), (2, 768, 768), (2,)]
2026-03-26 12:50:13 [soyo.py]     have saved 4 groups of compression
2026-03-26 12:51:15 [soyo.py] Domain routing accuracy on test set: 53.93%
2026-03-26 12:51:15 [trainer.py] CNN: {'total': np.float64(50.61), '0-5': np.float64(49.38), '6-11': np.float64(56.96), '12-17': np.float64(45.06), '18-23': np.float64(56.47), 'old': np.float64(49.19), 'new': np.float64(56.47)}
2026-03-26 12:51:15 [trainer.py] CNN top1 curve: [np.float64(47.92), np.float64(50.75), np.float64(48.94), np.float64(50.61)]
2026-03-26 12:51:15 [trainer.py] Domain classification accuracies (after each task): [np.float64(100.0), np.float64(70.35), np.float64(57.88), np.float64(53.93)] -> Avg.: 70.54
2026-03-26 12:51:15 [soyo.py] Exemplar size: 0
2026-03-26 12:51:15 [trainer.py] Save the checkpoint task_3.pth
2026-03-26 12:51:15 [soyo.py] 
2026-03-26 12:51:15 [soyo.py] ==> Training task 4, Learning on 24-30
2026-03-26 12:51:15 [soyo.py]     len(train_dataset): 9992
2026-03-26 12:51:15 [soyo.py]     len(test_dataset): 10345
2026-03-26 12:51:15 [soyo.py] ==> Checking the parameter
2026-03-26 12:51:15 [soyo.py]     Total parameters: 92909254
2026-03-26 12:51:15 [soyo.py]     Trainable parameters: 316614
2026-03-26 12:51:15 [soyo.py]     Blocks:
2026-03-26 12:51:15 [soyo.py]         image_encoder: 91326184
2026-03-26 12:51:15 [soyo.py]         classifier: 23070
2026-03-26 12:51:15 [soyo.py]         prompt_pool: 38400
2026-03-26 12:51:15 [soyo.py]         down_pool: 738240
2026-03-26 12:51:15 [soyo.py]         up_pool: 783360
2026-03-26 12:51:15 [soyo.py]     Training:
2026-03-26 12:51:15 [soyo.py]         classifier.4.weight: torch.Size([6, 768])
2026-03-26 12:51:15 [soyo.py]         classifier.4.bias: torch.Size([6])
2026-03-26 12:51:15 [soyo.py]         prompt_pool.4.weight: torch.Size([10, 768])
2026-03-26 12:51:15 [soyo.py]         down_pool.4.0.weight: torch.Size([16, 768])
2026-03-26 12:51:15 [soyo.py]         down_pool.4.0.bias: torch.Size([16])
2026-03-26 12:51:15 [soyo.py]         down_pool.4.1.weight: torch.Size([16, 768])
2026-03-26 12:51:15 [soyo.py]         down_pool.4.1.bias: torch.Size([16])
2026-03-26 12:51:15 [soyo.py]         down_pool.4.2.weight: torch.Size([16, 768])
2026-03-26 12:51:15 [soyo.py]         down_pool.4.2.bias: torch.Size([16])
2026-03-26 12:51:15 [soyo.py]         down_pool.4.3.weight: torch.Size([16, 768])
2026-03-26 12:51:15 [soyo.py]         down_pool.4.3.bias: torch.Size([16])
2026-03-26 12:51:15 [soyo.py]         down_pool.4.4.weight: torch.Size([16, 768])
2026-03-26 12:51:15 [soyo.py]         down_pool.4.4.bias: torch.Size([16])
2026-03-26 12:51:15 [soyo.py]         down_pool.4.5.weight: torch.Size([16, 768])
2026-03-26 12:51:15 [soyo.py]         down_pool.4.5.bias: torch.Size([16])
2026-03-26 12:51:15 [soyo.py]         down_pool.4.6.weight: torch.Size([16, 768])
2026-03-26 12:51:15 [soyo.py]         down_pool.4.6.bias: torch.Size([16])
2026-03-26 12:51:15 [soyo.py]         down_pool.4.7.weight: torch.Size([16, 768])
2026-03-26 12:51:15 [soyo.py]         down_pool.4.7.bias: torch.Size([16])
2026-03-26 12:51:15 [soyo.py]         down_pool.4.8.weight: torch.Size([16, 768])
2026-03-26 12:51:15 [soyo.py]         down_pool.4.8.bias: torch.Size([16])
2026-03-26 12:51:15 [soyo.py]         down_pool.4.9.weight: torch.Size([16, 768])
2026-03-26 12:51:15 [soyo.py]         down_pool.4.9.bias: torch.Size([16])
2026-03-26 12:51:15 [soyo.py]         down_pool.4.10.weight: torch.Size([16, 768])
2026-03-26 12:51:15 [soyo.py]         down_pool.4.10.bias: torch.Size([16])
2026-03-26 12:51:15 [soyo.py]         down_pool.4.11.weight: torch.Size([16, 768])
2026-03-26 12:51:15 [soyo.py]         down_pool.4.11.bias: torch.Size([16])
2026-03-26 12:51:15 [soyo.py]         up_pool.4.0.weight: torch.Size([768, 16])
2026-03-26 12:51:15 [soyo.py]         up_pool.4.0.bias: torch.Size([768])
2026-03-26 12:51:15 [soyo.py]         up_pool.4.1.weight: torch.Size([768, 16])
2026-03-26 12:51:15 [soyo.py]         up_pool.4.1.bias: torch.Size([768])
2026-03-26 12:51:15 [soyo.py]         up_pool.4.2.weight: torch.Size([768, 16])
2026-03-26 12:51:15 [soyo.py]         up_pool.4.2.bias: torch.Size([768])
2026-03-26 12:51:15 [soyo.py]         up_pool.4.3.weight: torch.Size([768, 16])
2026-03-26 12:51:15 [soyo.py]         up_pool.4.3.bias: torch.Size([768])
2026-03-26 12:51:15 [soyo.py]         up_pool.4.4.weight: torch.Size([768, 16])
2026-03-26 12:51:15 [soyo.py]         up_pool.4.4.bias: torch.Size([768])
2026-03-26 12:51:15 [soyo.py]         up_pool.4.5.weight: torch.Size([768, 16])
2026-03-26 12:51:15 [soyo.py]         up_pool.4.5.bias: torch.Size([768])
2026-03-26 12:51:15 [soyo.py]         up_pool.4.6.weight: torch.Size([768, 16])
2026-03-26 12:51:15 [soyo.py]         up_pool.4.6.bias: torch.Size([768])
2026-03-26 12:51:15 [soyo.py]         up_pool.4.7.weight: torch.Size([768, 16])
2026-03-26 12:51:15 [soyo.py]         up_pool.4.7.bias: torch.Size([768])
2026-03-26 12:51:15 [soyo.py]         up_pool.4.8.weight: torch.Size([768, 16])
2026-03-26 12:51:15 [soyo.py]         up_pool.4.8.bias: torch.Size([768])
2026-03-26 12:51:15 [soyo.py]         up_pool.4.9.weight: torch.Size([768, 16])
2026-03-26 12:51:15 [soyo.py]         up_pool.4.9.bias: torch.Size([768])
2026-03-26 12:51:15 [soyo.py]         up_pool.4.10.weight: torch.Size([768, 16])
2026-03-26 12:51:15 [soyo.py]         up_pool.4.10.bias: torch.Size([768])
2026-03-26 12:51:15 [soyo.py]         up_pool.4.11.weight: torch.Size([768, 16])
2026-03-26 12:51:15 [soyo.py]         up_pool.4.11.bias: torch.Size([768])
2026-03-26 12:52:00 [soyo.py] Task 4, Epoch [1/30] lr 0.00997 Loss 50.430, Train_accy 27.88, Test_accy 37.76
2026-03-26 12:52:45 [soyo.py] Task 4, Epoch [2/30] lr 0.00989 Loss 6.447, Train_accy 28.01, Test_accy 8.48
2026-03-26 12:53:30 [soyo.py] Task 4, Epoch [3/30] lr 0.00976 Loss 1.787, Train_accy 34.10, Test_accy 8.48
2026-03-26 12:54:15 [soyo.py] Task 4, Epoch [4/30] lr 0.00957 Loss 1.476, Train_accy 39.06, Test_accy 8.48
2026-03-26 12:55:00 [soyo.py] Task 4, Epoch [5/30] lr 0.00933 Loss 1.459, Train_accy 37.99, Test_accy 37.76
2026-03-26 12:55:44 [soyo.py] Task 4, Epoch [6/30] lr 0.00905 Loss 1.448, Train_accy 39.58, Test_accy 37.76
2026-03-26 12:56:28 [soyo.py] Task 4, Epoch [7/30] lr 0.00872 Loss 1.468, Train_accy 39.04, Test_accy 37.76
2026-03-26 12:57:13 [soyo.py] Task 4, Epoch [8/30] lr 0.00835 Loss 1.493, Train_accy 38.19, Test_accy 37.76
2026-03-26 12:57:58 [soyo.py] Task 4, Epoch [9/30] lr 0.00794 Loss 1.457, Train_accy 39.69, Test_accy 37.76
2026-03-26 12:58:42 [soyo.py] Task 4, Epoch [10/30] lr 0.00750 Loss 1.463, Train_accy 39.71, Test_accy 37.76
2026-03-26 12:59:27 [soyo.py] Task 4, Epoch [11/30] lr 0.00703 Loss 1.449, Train_accy 39.78, Test_accy 8.48
2026-03-26 13:00:12 [soyo.py] Task 4, Epoch [12/30] lr 0.00655 Loss 1.453, Train_accy 39.27, Test_accy 37.76
2026-03-26 13:00:56 [soyo.py] Task 4, Epoch [13/30] lr 0.00604 Loss 1.453, Train_accy 39.67, Test_accy 37.76
2026-03-26 13:01:41 [soyo.py] Task 4, Epoch [14/30] lr 0.00552 Loss 1.447, Train_accy 39.34, Test_accy 37.76
2026-03-26 13:02:25 [soyo.py] Task 4, Epoch [15/30] lr 0.00500 Loss 1.442, Train_accy 40.06, Test_accy 37.76
2026-03-26 13:03:10 [soyo.py] Task 4, Epoch [16/30] lr 0.00448 Loss 1.440, Train_accy 39.37, Test_accy 37.76
2026-03-26 13:03:55 [soyo.py] Task 4, Epoch [17/30] lr 0.00396 Loss 1.441, Train_accy 40.06, Test_accy 37.76
2026-03-26 13:04:39 [soyo.py] Task 4, Epoch [18/30] lr 0.00345 Loss 1.437, Train_accy 40.06, Test_accy 37.76
2026-03-26 13:05:24 [soyo.py] Task 4, Epoch [19/30] lr 0.00297 Loss 1.440, Train_accy 40.06, Test_accy 37.76
2026-03-26 13:06:08 [soyo.py] Task 4, Epoch [20/30] lr 0.00250 Loss 1.431, Train_accy 40.06, Test_accy 37.76
2026-03-26 13:06:53 [soyo.py] Task 4, Epoch [21/30] lr 0.00206 Loss 1.434, Train_accy 40.06, Test_accy 37.76
2026-03-26 13:07:37 [soyo.py] Task 4, Epoch [22/30] lr 0.00165 Loss 1.431, Train_accy 40.06, Test_accy 37.76
2026-03-26 13:08:22 [soyo.py] Task 4, Epoch [23/30] lr 0.00128 Loss 1.429, Train_accy 40.06, Test_accy 37.76
2026-03-26 13:09:07 [soyo.py] Task 4, Epoch [24/30] lr 0.00095 Loss 1.429, Train_accy 40.06, Test_accy 37.76
2026-03-26 13:09:51 [soyo.py] Task 4, Epoch [25/30] lr 0.00067 Loss 1.433, Train_accy 40.06, Test_accy 37.76
2026-03-26 13:10:36 [soyo.py] Task 4, Epoch [26/30] lr 0.00043 Loss 1.428, Train_accy 40.06, Test_accy 37.76
2026-03-26 13:11:20 [soyo.py] Task 4, Epoch [27/30] lr 0.00024 Loss 1.432, Train_accy 40.06, Test_accy 37.76
2026-03-26 13:12:05 [soyo.py] Task 4, Epoch [28/30] lr 0.00011 Loss 1.427, Train_accy 40.06, Test_accy 37.76
2026-03-26 13:12:50 [soyo.py] Task 4, Epoch [29/30] lr 0.00003 Loss 1.427, Train_accy 40.06, Test_accy 37.76
2026-03-26 13:13:34 [soyo.py] Task 4, Epoch [30/30] lr 0.00000 Loss 1.430, Train_accy 40.06, Test_accy 37.76
2026-03-26 13:13:34 [soyo.py] ==> Start compress_train_resample
2026-03-26 13:13:37 [soyo.py]     use 103 old + 25 new samples for each batch
2026-03-26 13:13:37 [soyo.py] ==> Checking the SOYO parameter
2026-03-26 13:13:37 [soyo.py]     SOYO Training:
2026-03-26 13:13:37 [soyo.py]         soyo_clf.weight: torch.Size([5, 768])
2026-03-26 13:13:37 [soyo.py]         soyo_clf.bias: torch.Size([5])
2026-03-26 13:13:37 [soyo.py]     SOYO Total params: 3845
2026-03-26 13:13:37 [soyo.py]     SOYO Trainable params: 3845
2026-03-26 13:13:37 [soyo.py] ==> Start SOYO training
2026-03-26 13:13:51 [soyo.py] SOYO training: Task 5, Epoch [1/30] lr 0.09973 Loss 1.464, Train_acc 45.04
2026-03-26 13:14:05 [soyo.py] SOYO training: Task 5, Epoch [2/30] lr 0.09891 Loss 1.261, Train_acc 48.36
2026-03-26 13:14:20 [soyo.py] SOYO training: Task 5, Epoch [3/30] lr 0.09755 Loss 1.242, Train_acc 49.69
2026-03-26 13:14:34 [soyo.py] SOYO training: Task 5, Epoch [4/30] lr 0.09568 Loss 1.225, Train_acc 50.61
2026-03-26 13:14:48 [soyo.py] SOYO training: Task 5, Epoch [5/30] lr 0.09330 Loss 1.219, Train_acc 50.34
2026-03-26 13:15:02 [soyo.py] SOYO training: Task 5, Epoch [6/30] lr 0.09045 Loss 1.209, Train_acc 51.21
2026-03-26 13:15:16 [soyo.py] SOYO training: Task 5, Epoch [7/30] lr 0.08716 Loss 1.195, Train_acc 52.26
2026-03-26 13:15:30 [soyo.py] SOYO training: Task 5, Epoch [8/30] lr 0.08346 Loss 1.204, Train_acc 51.46
2026-03-26 13:15:44 [soyo.py] SOYO training: Task 5, Epoch [9/30] lr 0.07939 Loss 1.189, Train_acc 52.26
2026-03-26 13:15:58 [soyo.py] SOYO training: Task 5, Epoch [10/30] lr 0.07500 Loss 1.183, Train_acc 52.78
2026-03-26 13:16:12 [soyo.py] SOYO training: Task 5, Epoch [11/30] lr 0.07034 Loss 1.180, Train_acc 52.78
2026-03-26 13:16:26 [soyo.py] SOYO training: Task 5, Epoch [12/30] lr 0.06545 Loss 1.167, Train_acc 53.54
2026-03-26 13:16:40 [soyo.py] SOYO training: Task 5, Epoch [13/30] lr 0.06040 Loss 1.176, Train_acc 52.64
2026-03-26 13:16:55 [soyo.py] SOYO training: Task 5, Epoch [14/30] lr 0.05523 Loss 1.180, Train_acc 52.94
2026-03-26 13:17:09 [soyo.py] SOYO training: Task 5, Epoch [15/30] lr 0.05000 Loss 1.159, Train_acc 53.91
2026-03-26 13:17:23 [soyo.py] SOYO training: Task 5, Epoch [16/30] lr 0.04477 Loss 1.165, Train_acc 54.05
2026-03-26 13:17:37 [soyo.py] SOYO training: Task 5, Epoch [17/30] lr 0.03960 Loss 1.168, Train_acc 53.75
2026-03-26 13:17:51 [soyo.py] SOYO training: Task 5, Epoch [18/30] lr 0.03455 Loss 1.159, Train_acc 53.85
2026-03-26 13:18:06 [soyo.py] SOYO training: Task 5, Epoch [19/30] lr 0.02966 Loss 1.164, Train_acc 53.93
2026-03-26 13:18:20 [soyo.py] SOYO training: Task 5, Epoch [20/30] lr 0.02500 Loss 1.164, Train_acc 53.70
2026-03-26 13:18:34 [soyo.py] SOYO training: Task 5, Epoch [21/30] lr 0.02061 Loss 1.163, Train_acc 53.80
2026-03-26 13:18:48 [soyo.py] SOYO training: Task 5, Epoch [22/30] lr 0.01654 Loss 1.163, Train_acc 53.25
2026-03-26 13:19:02 [soyo.py] SOYO training: Task 5, Epoch [23/30] lr 0.01284 Loss 1.159, Train_acc 53.26
2026-03-26 13:19:16 [soyo.py] SOYO training: Task 5, Epoch [24/30] lr 0.00955 Loss 1.161, Train_acc 53.74
2026-03-26 13:19:30 [soyo.py] SOYO training: Task 5, Epoch [25/30] lr 0.00670 Loss 1.156, Train_acc 54.29
2026-03-26 13:19:44 [soyo.py] SOYO training: Task 5, Epoch [26/30] lr 0.00432 Loss 1.169, Train_acc 53.18
2026-03-26 13:19:58 [soyo.py] SOYO training: Task 5, Epoch [27/30] lr 0.00245 Loss 1.161, Train_acc 54.37
2026-03-26 13:20:12 [soyo.py] SOYO training: Task 5, Epoch [28/30] lr 0.00109 Loss 1.165, Train_acc 53.29
2026-03-26 13:20:26 [soyo.py] SOYO training: Task 5, Epoch [29/30] lr 0.00027 Loss 1.157, Train_acc 54.34
2026-03-26 13:20:40 [soyo.py] SOYO training: Task 5, Epoch [30/30] lr 0.00000 Loss 1.168, Train_acc 53.17
2026-03-26 13:20:40 [soyo.py] ==> Saving compression...
2026-03-26 13:21:01 [soyo.py]     used features: (9992, 768)
2026-03-26 13:21:01 [soyo.py]     saving compression: [(2, 768), (2, 768, 768), (2,)]
2026-03-26 13:21:01 [soyo.py]     have saved 5 groups of compression
2026-03-26 13:22:21 [soyo.py] Domain routing accuracy on test set: 52.27%
2026-03-26 13:22:21 [trainer.py] CNN: {'total': np.float64(47.62), '0-5': np.float64(49.56), '6-11': np.float64(57.49), '12-17': np.float64(44.09), '18-23': np.float64(57.19), '24-29': np.float64(38.1), 'old': np.float64(50.65), 'new': np.float64(38.1)}
2026-03-26 13:22:21 [trainer.py] CNN top1 curve: [np.float64(47.92), np.float64(50.75), np.float64(48.94), np.float64(50.61), np.float64(47.62)]
2026-03-26 13:22:21 [trainer.py] Domain classification accuracies (after each task): [np.float64(100.0), np.float64(70.35), np.float64(57.88), np.float64(53.93), np.float64(52.27)] -> Avg.: 66.89
2026-03-26 13:22:21 [soyo.py] Exemplar size: 0
2026-03-26 13:22:22 [trainer.py] Save the checkpoint task_4.pth
